Date,Symbol,Series,Prev Close,Open,High,Low,Last,Close,VWAP,Volume,Turnover,Trades,Deliverable Volume,%Deliverble,MA_10,MA_50,EMA_10,RSI,Predictions
2019-04-10,COALINDIA,EQ,238.4,238.9,242.9,238.4,240.0,240.05,240.9,8657560,208559789365000.0,70750.0,5344702,0.6173,236.11000000000004,229.553,236.59948717308862,55.34150612959721,238.07727
2019-04-11,COALINDIA,EQ,240.05,240.1,241.6,238.6,240.85,240.95,240.29,3347291,80431022965000.0,45804.0,1849892,0.5527000000000001,236.59499999999997,229.921,237.39048950525432,68.44262295081964,240.5114
2019-04-12,COALINDIA,EQ,240.95,242.0,242.0,239.45,240.15,240.8,240.54,3442878,82814481085000.0,46748.0,1753382,0.5093,236.955,230.233,238.01040050429899,59.326424870466376,242.37108
2019-04-15,COALINDIA,EQ,240.8,244.0,251.95,243.25,250.8,250.0,248.88,15659370,389730706060000.0,225806.0,8726021,0.5572,238.315,230.74,240.1903276853355,74.41441441441444,243.1779
2019-04-16,COALINDIA,EQ,250.0,252.0,256.7,248.05,250.0,251.6,251.72,71315879,1795135731015000.2,199858.0,50842905,0.7129000000000001,239.83499999999998,231.308,242.26481356072904,81.35283363802561,247.58783
2019-04-18,COALINDIA,EQ,251.6,251.75,252.9,249.6,251.55,251.45,251.39,7981706,200651014235000.0,143443.0,4987426,0.6249,241.57,231.895,243.93484745877828,79.69052224371373,251.52618
2019-04-22,COALINDIA,EQ,251.45,251.45,252.5,248.95,252.0,252.05,250.6,4703770,117876370059999.98,51716.0,2882769,0.6129,243.29500000000002,232.608,245.41032973900042,79.2899408284024,253.4591
2019-04-23,COALINDIA,EQ,252.05,251.0,256.1,251.0,255.6,255.5,254.62,7446838,189612205685000.0,117909.0,4803620,0.6451000000000001,245.375,233.319,247.2448152410003,84.10714285714282,254.31348
2019-04-24,COALINDIA,EQ,255.5,256.0,258.3,253.4,254.0,254.0,254.42,14221692,361823912745000.0,135345.0,10849631,0.7629000000000001,247.48000000000002,233.915,248.47303065172753,79.83050847457623,256.09976
2019-04-25,COALINDIA,EQ,254.0,254.85,255.2,248.3,253.5,251.65,251.64,20305140,510954636455000.0,68681.0,14100335,0.6944,248.805,234.575,249.0506614423225,79.69543147208122,256.57162
2019-04-26,COALINDIA,EQ,251.65,253.5,255.5,250.0,250.45,250.5,252.28,2428140,61256541875000.0,37444.0,1106267,0.4556,249.85,235.20899999999997,249.31417754371842,76.16666666666664,255.44977
2019-04-30,COALINDIA,EQ,250.5,250.5,253.5,246.6,252.5,252.15,249.49,6190464,154445213075000.0,91864.0,4120789,0.6657,250.96999999999997,235.79100000000003,249.82978162667868,77.6545166402536,253.96162
2019-05-02,COALINDIA,EQ,252.15,251.6,254.9,250.45,252.5,252.35,252.46,5411707,136625425215000.02,57379.0,3222017,0.5954,252.125,236.433,250.28800314910072,82.33333333333337,253.83707
2019-05-03,COALINDIA,EQ,252.35,253.05,256.0,251.3,251.7,252.1,253.83,5010129,127170481409999.98,84408.0,3003034,0.5994,252.33499999999998,237.13099999999997,250.6174571219915,77.62096774193552,254.18245
2019-05-06,COALINDIA,EQ,252.1,250.1,253.2,248.05,251.8,251.35,250.08,3270067,81778376830000.0,56523.0,1829154,0.5594,252.31,237.75900000000001,250.75064673617487,73.64016736401675,254.37573
2019-05-07,COALINDIA,EQ,251.35,252.0,255.25,247.7,250.0,248.8,252.3,4320204,108997419375000.0,63807.0,2426918,0.5618,252.04500000000002,238.43199999999996,250.39598369323397,65.362035225049,254.11433
2019-05-08,COALINDIA,EQ,248.8,249.6,252.1,248.55,248.9,249.1,250.09,4215463,105426180385000.0,104692.0,2616727,0.6207,251.75,239.129,250.16035029446414,66.14785992217898,252.70622
2019-05-09,COALINDIA,EQ,249.1,249.1,250.65,241.15,242.5,242.3,244.2,6993406,170777092520000.0,76848.0,3742078,0.5351,250.42999999999998,239.67600000000002,248.73119569547066,33.47639484978539,251.82164
2019-05-10,COALINDIA,EQ,242.3,242.0,244.95,240.0,242.3,241.25,242.06,5294698,128162577505000.0,66938.0,2470046,0.4664999999999999,249.15499999999997,240.227,247.37097829629417,27.25274725274724,248.34924
2019-05-13,COALINDIA,EQ,241.25,241.75,242.9,237.6,242.0,242.1,240.96,3539800,85296246720000.0,49549.0,1854199,0.5238,248.2,240.77,246.41261860605886,30.06396588486139,245.39111
2019-05-14,COALINDIA,EQ,242.1,241.0,243.0,238.8,242.05,241.8,240.85,3301180,79507671695000.0,46734.0,1838407,0.5569,247.32999999999998,241.31900000000002,245.5739606776845,27.861771058315256,244.29512
2019-05-15,COALINDIA,EQ,241.8,241.75,242.4,233.45,233.7,235.1,237.08,5134147,121719834709999.98,49081.0,2848842,0.5549000000000001,245.625,241.61800000000002,243.66960419083276,11.363636363636274,244.00002
2019-05-16,COALINDIA,EQ,235.1,235.15,236.7,229.55,232.9,232.15,231.65,4788978,110935552420000.0,57069.0,2832715,0.5915,243.60499999999996,241.832,241.57513070159044,10.771992818671379,240.9735
2019-05-17,COALINDIA,EQ,232.15,233.1,238.0,232.35,236.2,236.15,235.69,7517604,177185240010000.0,70503.0,3531607,0.4698,242.01,241.989,240.58874330130126,23.728813559321978,237.3496
2019-05-20,COALINDIA,EQ,236.15,241.9,242.9,235.8,237.85,237.7,237.92,6976701,165986814880000.0,82371.0,4541569,0.6509999999999999,240.64499999999998,242.09,240.0635172465192,28.595317725752423,237.05817
2019-05-21,COALINDIA,EQ,237.7,239.7,241.45,234.5,237.2,237.2,237.96,5817365,138428595515000.02,85027.0,3118626,0.5361,239.48499999999999,242.011,239.54287774715206,23.999999999999886,238.39247
2019-05-22,COALINDIA,EQ,237.2,237.65,242.0,237.1,241.0,241.25,239.83,3916767,93936518895000.0,47003.0,2265796,0.5785,238.7,241.981,239.85326361130623,32.97546012269936,239.2722
2019-05-23,COALINDIA,EQ,241.25,243.0,245.0,239.7,244.95,244.15,242.64,4979182,120813040455000.0,48089.0,2442756,0.4906,238.88500000000005,242.164,240.63448840925054,38.723404255319146,241.50487
2019-05-24,COALINDIA,EQ,244.15,244.75,245.95,241.4,244.95,244.9,243.95,2407824,58739746915000.0,29093.0,803879,0.3339,239.25,242.364,241.41003597120496,40.851063829787236,244.35841
2019-05-27,COALINDIA,EQ,244.9,244.9,246.45,243.1,244.4,244.1,244.79,1947123,47663303600000.0,25486.0,822091,0.4222,239.45,242.378,241.89912034007676,42.98507462686564,246.37651
2019-05-28,COALINDIA,EQ,244.1,244.9,251.8,244.45,249.7,250.7,249.58,13294021,331791634600000.0,117692.0,8408995,0.6325000000000001,240.34,242.533,243.4992802782446,52.010050251256274,246.8939
2019-05-29,COALINDIA,EQ,250.7,249.9,251.6,247.45,250.25,250.7,249.7,3325742,83044053270000.0,50393.0,1704649,0.5126,241.9,242.774,244.80850204583646,62.7272727272727,249.8419
2019-05-30,COALINDIA,EQ,250.7,251.95,255.25,249.1,253.25,252.95,252.91,16592348,419644551210000.0,84080.0,10330015,0.6226,243.98000000000002,242.96899999999997,246.2887744011389,67.10526315789473,251.97694
2019-05-31,COALINDIA,EQ,252.95,261.0,262.95,252.2,253.9,253.5,256.99,22235393,571421846355000.0,169235.0,6995503,0.3146,245.715,243.15200000000002,247.59990632820455,66.8141592920354,253.96706
2019-06-03,COALINDIA,EQ,253.5,255.0,261.9,253.2,260.2,260.9,258.04,6895062,177920357155000.0,64235.0,2922740,0.4239,248.03500000000003,243.486,250.0181051776219,73.29268292682923,255.25706
2019-06-04,COALINDIA,EQ,260.9,258.8,264.15,258.1,263.7,263.4,262.05,6111033,160139138155000.0,58212.0,2719258,0.445,250.65499999999997,243.89600000000002,252.45117696350883,88.45108695652173,259.19366
2019-06-06,COALINDIA,EQ,263.4,263.9,271.45,263.65,271.2,269.15,267.63,11211307,300044742680000.0,89944.0,5668022,0.5056,253.445,244.53900000000002,255.4873266065072,96.71717171717168,263.04993
2019-06-07,COALINDIA,EQ,269.15,269.1,269.7,263.6,265.0,265.55,266.36,4860923,129477401395000.0,47377.0,1609303,0.3311,255.58499999999998,245.21099999999998,257.31690358714224,87.50000000000004,267.74573
2019-06-10,COALINDIA,EQ,265.55,267.0,268.0,257.7,259.65,259.3,261.84,4916941,128743541359999.98,49185.0,2177968,0.443,257.025,245.65300000000002,257.67746657129817,74.60136674259685,268.77234
2019-06-11,COALINDIA,EQ,259.3,260.4,262.45,257.55,259.0,258.75,259.45,4303321,111651051900000.0,67476.0,1776613,0.4128,258.48999999999995,246.09900000000002,257.87247264924395,74.51649601820253,265.63586
2019-06-12,COALINDIA,EQ,258.75,258.7,258.9,255.4,257.8,257.0,256.69,3093642,79411047065000.0,39403.0,1496948,0.4839,259.12,246.55,257.7138412584723,68.9075630252101,262.7655
2019-06-13,COALINDIA,EQ,257.0,256.0,258.7,253.6,255.1,255.6,255.57,3433631,87754503675000.0,48858.0,1696565,0.4941,259.61,246.94,257.3295064842046,64.25902864259028,260.46808
2019-06-14,COALINDIA,EQ,255.6,255.35,256.9,253.45,254.0,255.15,255.9,2805760,71798510170000.0,33347.0,1561719,0.5566,259.83,247.299,256.93323257798556,62.8607277289837,258.73013
2019-06-17,COALINDIA,EQ,255.15,255.0,257.65,250.7,255.5,255.3,255.39,5008880,127919501750000.0,48849.0,2722907,0.5245000000000001,260.01,247.67700000000002,256.63628120017,64.28571428571432,257.74106
2019-06-18,COALINDIA,EQ,255.3,255.45,260.9,255.25,260.4,260.35,258.79,4171426,107952579705000.0,59839.0,1804012,0.4186999999999999,259.955,248.15600000000003,257.3115028001391,62.8154050464808,257.47287
2019-06-19,COALINDIA,EQ,260.35,260.5,262.6,255.15,256.7,257.05,258.43,2982858,77087003505000.0,42767.0,1097269,0.3679,259.32000000000005,248.615,257.26395683647746,57.75335775335778,259.83368
2019-06-20,COALINDIA,EQ,257.05,256.0,261.0,256.0,260.35,260.35,259.75,3042607,79032152885000.0,56068.0,1704729,0.5603,258.44,249.12599999999998,257.8250555934816,58.80952380952385,260.18414
2019-06-21,COALINDIA,EQ,260.35,260.0,265.35,251.9,255.9,254.25,255.9,20185830,516553636710000.06,107071.0,13175266,0.6527,257.31,249.517,257.1750454855758,50.78864353312303,261.4404
2019-06-24,COALINDIA,EQ,254.25,255.9,258.25,253.35,256.1,256.75,256.43,2633348,67527238040000.0,33124.0,925797,0.3515999999999999,257.055,249.993,257.0977644881984,45.13481828839394,259.5067
2019-06-25,COALINDIA,EQ,256.75,255.0,259.0,254.55,258.1,258.35,258.09,2590646,66861368670000.01,33025.0,1564517,0.6039,257.015,250.392,257.3254436721623,43.95209580838329,258.88348
2019-06-26,COALINDIA,EQ,258.35,257.9,263.25,257.15,260.2,260.3,261.04,4030718,105218131525000.0,42096.0,1907425,0.4732,257.345,250.797,257.8662720954055,38.33992094861665,259.5665
2019-06-27,COALINDIA,EQ,260.3,259.25,261.7,258.0,258.6,259.4,259.67,13174124,342091054410000.0,66154.0,9694075,0.7358,257.725,251.166,258.1451317144227,41.276595744680826,261.11996
2019-06-28,COALINDIA,EQ,259.4,259.45,260.8,253.0,253.25,253.8,255.17,4626498,118052600284999.98,49571.0,2567697,0.555,257.59000000000003,251.42600000000002,257.35510776634584,42.0520231213873,261.73965
2019-07-01,COALINDIA,EQ,253.8,254.25,256.4,248.0,249.25,249.25,251.15,4839632,121547339865000.02,41617.0,2371674,0.4901,256.985,251.41100000000003,255.8814518088284,37.694300518134746,259.29626
2019-07-02,COALINDIA,EQ,249.25,248.3,253.0,247.1,252.6,252.7,251.11,3955456,99327179655000.0,49821.0,1469076,0.3714,256.22,251.433,255.303006025405,44.66501240694789,255.20581
2019-07-03,COALINDIA,EQ,252.7,252.7,254.15,250.3,251.35,250.95,252.0,2828456,71277702110000.0,51817.0,1495261,0.5286,255.60999999999999,251.423,254.51155038442226,44.28044280442805,254.19482
2019-07-04,COALINDIA,EQ,250.95,251.35,252.85,249.45,251.35,251.1,251.32,2555817,64232723610000.0,38667.0,1221432,0.4779,254.685,251.40400000000002,253.89126849634548,44.98141263940521,253.54715
2019-07-05,COALINDIA,EQ,251.1,251.5,253.2,240.85,241.5,241.9,245.43,4271783,104842902085000.0,45944.0,1766846,0.4136,253.45,251.132,251.7110378606463,36.437246963562764,253.36247
2019-07-08,COALINDIA,EQ,241.9,241.4,241.45,230.45,232.5,232.4,234.48,4588708,107594484345000.0,55830.0,1912160,0.4167,251.01500000000001,250.7,248.1999400678015,24.048282265552473,249.17401
2019-07-09,COALINDIA,EQ,232.4,232.5,235.2,228.2,229.55,229.6,232.28,9158261,212727810720000.0,92445.0,5801099,0.6334000000000001,248.14000000000001,250.25900000000001,244.81813278274666,24.273664479850055,241.66019
2019-07-10,COALINDIA,EQ,229.6,231.4,234.5,230.05,233.5,233.35,232.73,5900374,137319942915000.02,54761.0,3143103,0.5327000000000001,245.445,249.91600000000003,242.73301773133818,24.90706319702602,235.50151
2019-07-11,COALINDIA,EQ,233.35,235.0,235.75,232.6,235.1,234.9,234.08,4033341,94410813985000.0,36580.0,2444320,0.606,242.99499999999998,249.571,241.3088326892767,30.35532994923861,234.15486
2019-07-12,COALINDIA,EQ,234.9,234.9,236.35,229.3,230.5,231.25,233.18,6741721,157202363990000.0,53167.0,4651075,0.6899,240.74,249.149,239.4799540184991,24.702380952380977,235.28252
2019-07-15,COALINDIA,EQ,231.25,231.0,231.7,228.25,229.45,230.4,230.03,3265924,75126834230000.0,38408.0,1529932,0.4685,238.85500000000002,248.715,237.82905328786285,21.85297079556898,234.83269
2019-07-16,COALINDIA,EQ,230.4,229.45,233.65,229.35,232.4,232.8,231.62,3739400,86610773715000.0,71979.0,2302482,0.6157,236.86499999999995,248.34400000000002,236.91467996279687,22.554890219560903,233.84146
2019-07-17,COALINDIA,EQ,232.8,232.0,234.15,229.0,230.0,230.0,230.23,5404435,124427477815000.02,45731.0,2835493,0.5246999999999999,234.76999999999998,247.96800000000002,235.6574654241065,21.730769230769255,234.26642
2019-07-18,COALINDIA,EQ,230.0,230.0,230.9,219.5,219.95,220.3,223.26,8729774,194903131600000.0,88455.0,4623661,0.5296000000000001,231.69,247.392,232.86519898335985,20.142602495543684,233.5362
2019-07-19,COALINDIA,EQ,220.3,222.0,224.05,217.4,222.1,221.9,220.71,19100281,421569732565000.0,123138.0,9351721,0.4896,229.69,246.98399999999998,230.87152644093078,24.27093132643462,228.4286
2019-07-22,COALINDIA,EQ,221.9,222.8,223.15,216.35,221.4,221.4,220.17,5607789,123465025195000.0,68920.0,1999996,0.3566,228.59,246.58699999999996,229.1494307243979,18.82470119521915,225.29149
2019-07-23,COALINDIA,EQ,221.4,222.0,222.9,217.0,218.4,218.05,220.35,4983571,109812104709999.98,76949.0,3222823,0.6467,227.435,246.10600000000002,227.131352410871,18.24324324324327,223.80681
2019-07-24,COALINDIA,EQ,218.05,218.4,219.45,215.4,216.5,216.85,216.98,4877895,105838473855000.0,69272.0,3092350,0.634,225.78500000000003,245.607,225.26201560889444,17.596972563860007,221.85588
2019-07-25,COALINDIA,EQ,216.85,217.65,217.65,208.1,209.6,209.05,212.11,19251346,408330811140000.0,130059.0,11853066,0.6157,223.2,245.08599999999998,222.31437640727728,18.07580174927115,220.1319
2019-07-26,COALINDIA,EQ,209.05,209.0,212.95,205.5,210.65,210.65,209.01,10490177,219260394730000.03,65188.0,5825030,0.5553,221.14000000000001,244.65599999999998,220.19358069686322,25.028702640642948,215.70601
2019-07-29,COALINDIA,EQ,210.65,210.65,212.6,204.5,205.5,205.4,207.5,11715160,243083893480000.03,80608.0,7537916,0.6434000000000001,218.64000000000001,244.041,217.50383875197898,23.69565217391306,213.31924
2019-07-30,COALINDIA,EQ,205.4,205.6,206.8,198.0,198.2,199.55,203.18,10527314,213896465970000.0,91615.0,6651958,0.6319,215.315,243.278,214.23950443343733,14.864864864864884,210.12428
2019-07-31,COALINDIA,EQ,199.55,199.2,206.0,197.05,203.8,204.45,201.92,10992207,221960061950000.0,94536.0,6743331,0.6135,212.76,242.623,212.45959453644872,20.408163265306072,205.49088
2019-08-01,COALINDIA,EQ,204.45,205.25,205.25,200.5,201.85,202.45,202.25,6018424,121720053805000.0,73510.0,3049218,0.5065999999999999,210.975,241.847,210.6396682570944,21.084337349397558,204.77863
2019-08-02,COALINDIA,EQ,202.45,200.9,201.05,195.35,196.9,197.2,197.59,6376599,125993147620000.0,82439.0,2475327,0.3882,208.50500000000002,240.90800000000002,208.19609221034995,19.37269372693723,204.46838
2019-08-05,COALINDIA,EQ,197.2,196.0,202.9,193.1,200.3,200.6,199.16,8942376,178093493025000.0,138319.0,3811101,0.4261999999999999,206.425,240.02199999999996,206.81498453574085,20.8333333333333,202.00526
2019-08-06,COALINDIA,EQ,200.6,198.55,207.75,198.55,204.2,205.1,205.4,12536563,257507223135000.0,183621.0,7081861,0.5649000000000001,205.12999999999997,239.24200000000002,206.50316916560612,28.11950790861158,201.63791
2019-08-07,COALINDIA,EQ,205.1,204.2,209.1,201.75,206.05,206.1,205.84,9270695,190825801535000.0,104071.0,5167061,0.5574,204.055,238.35,206.42986568095046,35.26970954356844,204.01302
2019-08-08,COALINDIA,EQ,206.1,206.15,213.3,204.85,212.0,211.85,209.62,8622272,180735958700000.0,104449.0,4034274,0.4679,204.33499999999998,237.57299999999998,207.41534464805034,40.40114613180514,206.45868
2019-08-09,COALINDIA,EQ,211.85,213.9,214.0,207.0,207.3,207.6,209.45,7027377,147190393095000.0,63632.0,2939973,0.4184,204.03,236.66600000000003,207.44891834840482,37.70053475935827,210.43925
2019-08-13,COALINDIA,EQ,207.6,207.9,211.45,202.5,204.5,203.75,207.26,6907370,143160120475000.0,72118.0,3010894,0.4359,203.865,235.67100000000002,206.77638773960393,37.36749116607773,211.08138
2019-08-14,COALINDIA,EQ,203.75,208.5,208.5,195.65,199.9,200.5,200.9,16687905,335256661205000.0,113299.0,6770489,0.4057,203.95999999999998,234.46300000000002,205.6352263324032,36.06138107416879,208.84306
2019-08-16,COALINDIA,EQ,200.5,200.0,202.85,199.7,202.1,201.95,201.53,12556891,253060817485000.0,102526.0,8487786,0.6759000000000001,203.71,233.23399999999998,204.96518518105714,43.21223709369022,205.40515
2019-08-19,COALINDIA,EQ,201.95,202.7,203.1,198.55,198.9,198.95,200.94,5848151,117511809059999.98,54185.0,3326378,0.5688000000000001,203.35999999999999,231.83,203.87151514813763,39.10614525139662,203.83331
2019-08-20,COALINDIA,EQ,198.95,199.4,199.5,194.4,195.15,195.3,195.64,7496337,146657044580000.0,67123.0,4408231,0.5881000000000001,203.17000000000002,230.425,202.31305784847626,40.30710172744721,202.06355
2019-08-21,COALINDIA,EQ,195.3,195.0,195.45,188.1,188.65,188.8,191.74,10788976,206865218705000.0,102946.0,5682926,0.5267000000000001,201.99,229.015,199.85613823966236,39.81042654028435,199.37663
2019-08-22,COALINDIA,EQ,188.8,188.0,188.45,177.7,181.1,180.85,182.07,13370852,243448130320000.0,105683.0,5733920,0.4288,199.565,227.45699999999997,196.40047674154192,28.853046594982075,194.72733
2019-08-23,COALINDIA,EQ,180.85,180.85,189.4,180.15,187.8,188.0,185.04,11447263,211821956635000.0,104146.0,5855955,0.5115999999999999,197.755,226.07699999999997,194.87311733398883,38.14602132895818,188.0525
2019-08-26,COALINDIA,EQ,188.0,191.0,191.9,182.55,188.6,188.75,185.95,8851543,164595830515000.0,116815.0,4022137,0.4543999999999999,195.445,224.74,193.75982327326358,42.5155004428698,187.00272
2019-08-27,COALINDIA,EQ,188.75,190.0,194.25,189.0,191.75,191.85,192.29,11357212,218390197180000.03,157202.0,6871538,0.605,193.87,223.474,193.41258267812472,42.20837043633125,188.2343
2019-08-28,COALINDIA,EQ,191.85,189.0,192.6,184.2,184.7,185.05,188.12,10791130,203006339575000.0,99248.0,4530903,0.4199,192.0,222.06900000000002,191.89211310028386,32.8485885372113,190.90309
2019-08-29,COALINDIA,EQ,185.05,183.3,190.3,182.1,189.75,189.0,187.54,31069292,582668043945000.0,121426.0,16229885,0.5224,190.85,220.642,191.36627435477772,36.07491856677523,189.70604
2019-08-30,COALINDIA,EQ,189.0,189.75,190.45,182.15,184.7,184.75,185.1,11880019,219900895135000.0,109641.0,4388080,0.3694,189.13,219.19600000000003,190.16331538118175,27.378964941569265,189.82007
2019-09-03,COALINDIA,EQ,184.75,183.0,185.7,180.05,180.05,181.05,183.5,7054535,129450454220000.0,51090.0,2443998,0.3464,187.34,217.61,188.50634894823958,27.632687447346242,188.30937
2019-09-04,COALINDIA,EQ,181.05,181.05,183.4,179.1,182.35,182.15,181.59,6030798,109511325265000.02,62727.0,1547357,0.2566,186.025,216.168,187.35064913946874,30.918727915194324,185.33661
2019-09-05,COALINDIA,EQ,182.15,183.9,196.4,183.8,195.45,194.85,192.77,29083353,560648674735000.06,172346.0,10668205,0.3668,186.63,214.93,188.71416747774714,45.7229371688115,183.77365
2019-09-06,COALINDIA,EQ,194.85,196.15,199.5,192.8,198.1,198.6,196.38,16095238,316074354015000.0,84300.0,5601960,0.3481,188.40500000000003,213.735,190.51159157270217,47.549378200438916,189.0167
2019-09-09,COALINDIA,EQ,198.6,198.1,200.1,196.8,199.9,199.35,198.6,5382211,106892293495000.0,46091.0,1505470,0.2797,189.54000000000002,212.51600000000002,192.11857492311995,50.302571860816954,195.41776
2019-09-11,COALINDIA,EQ,199.35,199.8,203.0,195.55,195.8,196.7,198.97,8755389,174203116530000.0,81811.0,3851912,0.4399,190.335,211.262,192.9515613007345,51.075268817204275,199.5913
2019-09-12,COALINDIA,EQ,196.7,197.6,199.2,195.4,197.65,197.7,197.45,6446408,127281943555000.0,62419.0,2732579,0.4239,190.92,210.14,193.81491379151004,57.46644295302012,200.1547
2019-09-13,COALINDIA,EQ,197.7,198.65,199.6,194.5,199.4,198.2,196.75,6979583,137322654195000.0,59602.0,3089477,0.4426,192.23499999999999,209.11899999999997,194.61220219305366,66.6347075743049,200.00356
2019-09-16,COALINDIA,EQ,198.2,197.65,201.2,196.6,200.5,200.55,198.9,3961273,78791476730000.0,28997.0,1512252,0.3818,193.39,208.07600000000002,195.69180179431663,63.25237592397045,199.94885
2019-09-17,COALINDIA,EQ,200.55,200.6,200.6,196.0,197.4,197.6,198.53,5885854,116851292430000.0,57146.0,3110696,0.5285,194.675,207.00900000000001,196.0387469226227,58.93037336024218,200.98727
2019-09-18,COALINDIA,EQ,197.6,198.45,199.2,191.75,192.45,192.35,194.04,5488038,106490492770000.0,60204.0,1320693,0.2405999999999999,195.805,205.83399999999997,195.36806566396402,50.483558994197296,200.50081
2019-09-19,COALINDIA,EQ,192.35,191.3,194.5,189.5,193.7,193.45,192.17,7916117,152124956530000.0,58989.0,2628498,0.332,196.935,204.865,195.01932645233416,59.130434782608674,197.47331
2019-09-20,COALINDIA,EQ,193.45,193.7,202.4,188.85,200.3,200.05,198.45,30567231,606603721970000.0,144944.0,21182432,0.693,197.45499999999998,204.218,195.93399437009157,61.35662898252827,195.64864
2019-09-23,COALINDIA,EQ,200.05,205.5,208.4,200.55,202.25,202.7,202.95,9396444,190703277705000.0,91815.0,3647404,0.3882,197.86499999999998,203.68,197.16417721189308,69.07545164718384,197.9453
2019-09-24,COALINDIA,EQ,202.7,203.6,205.7,197.1,198.4,198.15,201.05,9662821,194266260765000.0,76472.0,4166439,0.4311999999999999,197.74499999999998,202.976,197.3434177188216,67.84968684759916,201.48433
2019-09-25,COALINDIA,EQ,198.15,193.0,198.7,191.15,193.0,192.6,195.61,6873148,134444315670000.0,59761.0,2717231,0.3953,197.33499999999998,202.13,196.4809781335813,59.98089780324736,201.69897
2019-09-26,COALINDIA,EQ,192.6,190.65,204.85,189.55,203.0,203.3,199.95,20274950,405388267700000.0,109327.0,10049459,0.4957,197.895,201.571,197.72080029111194,58.391261171797424,198.48177
2019-09-27,COALINDIA,EQ,203.3,203.3,204.8,196.7,199.5,199.35,200.33,10240429,205148014305000.0,84402.0,3696157,0.3609,198.01,200.95,198.01701842000068,50.74183976261128,200.67421
2019-09-30,COALINDIA,EQ,199.35,197.5,200.75,196.55,199.85,199.85,199.02,7578946,150839548155000.0,79275.0,3471119,0.4579999999999999,197.94,200.291,198.35028779818236,50.49701789264414,201.47107
2019-10-01,COALINDIA,EQ,199.85,200.0,200.6,190.75,194.15,194.1,194.94,10416295,203055674760000.0,54682.0,5001096,0.4800999999999999,197.58999999999997,199.57299999999998,197.57750819851282,47.56554307116106,201.75682
2019-10-03,COALINDIA,EQ,194.1,193.0,193.0,185.25,187.4,186.75,188.04,12270678,230743798475000.0,102074.0,4381316,0.3571,197.03,198.90200000000002,195.60887034423774,40.83682008368203,199.2025
2019-10-04,COALINDIA,EQ,186.75,187.7,189.35,182.15,186.45,185.8,185.88,12238072,227475279375000.0,110583.0,4125309,0.3371,196.26500000000001,198.18,193.82543937255815,39.70099667774088,193.73741
2019-10-07,COALINDIA,EQ,185.8,186.95,188.2,183.0,184.0,184.4,185.15,6160378,114057139080000.0,60092.0,1988226,0.3227,194.7,197.44,192.11172312300212,36.37130801687764,189.49937
2019-10-09,COALINDIA,EQ,184.4,184.8,186.7,183.0,185.7,185.35,185.23,5808768,107593492100000.0,40309.0,2342231,0.4032,192.965,196.78599999999997,190.88231891881992,39.301310043668124,186.80592
2019-10-10,COALINDIA,EQ,185.35,185.0,185.9,183.7,184.7,184.55,185.0,4047661,74882539890000.0,29251.0,1321312,0.3264,191.605,196.14,189.73098820630722,42.613636363636374,186.1176
2019-10-11,COALINDIA,EQ,184.55,185.25,190.25,185.25,189.0,189.05,188.29,7104915,133779226259999.98,50351.0,2146233,0.3021,191.25,195.74,189.6071721687968,46.08540925266905,185.904
2019-10-14,COALINDIA,EQ,189.05,189.6,190.8,187.95,190.3,190.1,189.78,6340044,120320686270000.0,46022.0,2716471,0.4285,189.93,195.329,189.69677722901557,40.17769002961498,187.95355
2019-10-15,COALINDIA,EQ,190.1,189.0,192.7,188.05,191.25,191.15,190.58,5459056,104040282355000.0,39669.0,1753496,0.3212,189.10999999999999,195.044,189.96099955101272,38.226299694189606,190.17685
2019-10-16,COALINDIA,EQ,191.15,192.3,196.2,191.35,194.2,194.55,194.46,7396404,143830548875000.0,82432.0,2745869,0.3712,188.57999999999998,194.944,190.7953632690104,46.24217118997913,191.92911
2019-10-17,COALINDIA,EQ,194.55,194.0,199.95,192.9,198.85,199.4,197.58,6611768,130636152855000.0,62621.0,2669552,0.4038,189.11,194.84300000000002,192.35984267464485,57.2033898305085,194.32309
2019-10-18,COALINDIA,EQ,199.4,198.8,206.5,197.75,206.0,205.95,204.2,12709671,259530417900000.0,87808.0,6179197,0.4861999999999999,191.03000000000003,194.91299999999998,194.83078037016395,53.077816492450616,198.01312
2019-10-22,COALINDIA,EQ,205.95,206.0,209.95,203.3,209.95,208.8,206.28,9795154,202051125295000.0,150851.0,4821320,0.4922,193.32999999999998,195.145,197.37063848467957,61.26340882002387,203.35748
2019-10-23,COALINDIA,EQ,208.8,209.4,211.7,206.55,208.7,208.8,209.04,7137614,149206065535000.0,52389.0,3202840,0.4487,195.77,195.30900000000003,199.44870421473783,60.79613992762368,208.0165
2019-10-24,COALINDIA,EQ,208.8,210.0,210.0,204.4,205.1,205.2,206.73,8470734,175117030005000.0,43646.0,4877347,0.5758,197.755,195.31100000000004,200.49439435751276,64.12213740458014,210.40422
2019-10-25,COALINDIA,EQ,205.2,206.6,206.95,203.0,206.2,205.85,205.23,5368529,110178913775000.0,36060.0,3167870,0.5901,199.885,195.30599999999998,201.468140837965,79.29447852760737,209.51703
2019-10-27,COALINDIA,EQ,205.85,206.7,208.8,201.55,203.0,202.85,204.22,755888,15436573130000.002,8854.0,288700,0.3818999999999999,201.26500000000001,195.12599999999998,201.71938795833498,74.60317460317458,208.49718
2019-10-29,COALINDIA,EQ,202.85,204.0,210.45,199.6,209.4,209.75,207.52,6925785,143721118900000.0,74743.0,3160693,0.4564,203.23000000000002,195.16899999999998,203.17949923863767,81.56911581569115,206.5329
2019-10-30,COALINDIA,EQ,209.75,210.75,210.95,205.6,206.05,206.25,206.91,4487164,92842560690000.0,48903.0,1899103,0.4232,204.74,195.21899999999997,203.7377721043399,74.47306791569086,208.33783
2019-10-31,COALINDIA,EQ,206.25,207.0,209.0,206.0,208.25,207.55,207.32,6655719,137985064434999.98,39490.0,3927791,0.5901,206.04000000000002,195.36,204.43090444900537,76.62037037037034,208.7068
2019-11-01,COALINDIA,EQ,207.55,205.0,208.0,201.85,206.85,207.1,205.3,7118433,146143817595000.0,78782.0,2748007,0.386,206.81,195.463,204.9161945491862,73.05236270753507,209.15071
2019-11-04,COALINDIA,EQ,207.1,206.0,215.6,205.8,214.95,215.0,211.92,8489492,179908959440000.0,57309.0,2780629,0.3275,207.715,195.784,206.74961372206144,77.0652173913043,209.2387
2019-11-05,COALINDIA,EQ,215.0,217.0,217.55,209.6,211.1,211.15,212.66,12681517,269684059590000.0,99730.0,4455262,0.3513,207.95,196.10100000000003,207.54968395441387,70.4918032786885,212.80235
2019-11-06,COALINDIA,EQ,211.15,211.4,214.85,211.15,212.5,212.4,213.2,4344694,92629919015000.0,37722.0,1085801,0.2498999999999999,208.31,196.57299999999998,208.43155959906588,69.13183279742762,213.88051
2019-11-07,COALINDIA,EQ,212.4,213.5,213.75,210.9,213.0,212.5,212.35,3529240,74942489765000.0,32426.0,1662172,0.471,209.04000000000002,197.20600000000002,209.17127603559936,65.63245823389019,214.42172
2019-11-08,COALINDIA,EQ,212.5,212.6,216.0,208.1,208.95,209.25,211.75,6324778,133926567320000.0,45248.0,2372617,0.3751,209.38000000000002,197.63100000000003,209.18558948367217,54.27461139896374,214.64279
2019-11-11,COALINDIA,EQ,209.25,208.95,210.8,205.75,209.7,209.85,208.96,3485203,72825663155000.0,26485.0,605347,0.1737,210.07999999999998,198.05300000000003,209.30639139573177,51.444291609353485,213.19777
2019-11-13,COALINDIA,EQ,209.85,215.9,216.0,206.2,207.1,207.25,210.36,12228149,257229590685000.0,91159.0,3062421,0.2504,209.82999999999998,198.36100000000002,208.93250205105326,48.01026957637996,212.2535
2019-11-14,COALINDIA,EQ,207.25,208.5,208.5,201.75,202.55,202.35,203.81,4889669,99654569010000.0,38737.0,1759175,0.3597999999999999,209.44,198.70699999999997,207.73568349631628,46.45962732919256,210.67656
2019-11-15,COALINDIA,EQ,202.35,202.95,204.5,200.5,200.95,201.15,202.13,4544919,91868474280000.0,35523.0,1804586,0.3971,208.8,198.95,206.53828649698602,44.24019607843139,207.42268
2019-11-18,COALINDIA,EQ,201.15,202.0,202.0,198.25,200.15,200.3,199.87,5894876,117823350659999.98,38405.0,2776653,0.471,208.12000000000003,199.261,205.4040525884431,46.701164294954744,204.66006
2019-11-19,COALINDIA,EQ,200.3,200.95,201.3,198.25,199.75,199.6,199.27,3836452,76450124190000.0,21846.0,1835958,0.4786,206.58,199.632,204.34877029963525,34.36055469953776,202.87099
2019-11-20,COALINDIA,EQ,199.6,199.9,204.0,199.45,203.1,203.05,202.54,4456738,90264669380000.0,52121.0,1967648,0.4415,205.76999999999998,200.05,204.11263024515608,45.061728395061756,201.80661
2019-11-21,COALINDIA,EQ,203.05,203.0,203.65,195.8,196.2,196.6,198.71,4650473,92410791155000.0,49615.0,2124218,0.4568,204.19,200.085,202.74669747330952,35.41944074567243,202.97151
2019-11-22,COALINDIA,EQ,196.6,196.95,199.35,196.3,198.7,199.0,197.81,4335573,85763414615000.0,26801.0,2307374,0.5322,202.84,200.093,202.0654797508896,39.74683544303799,201.26524
2019-11-25,COALINDIA,EQ,199.0,199.1,201.65,198.45,200.25,200.7,200.32,3884393,77811712850000.0,33892.0,1496516,0.3853,201.985,200.12,201.8172107052733,28.528528528528525,200.6725
2019-11-26,COALINDIA,EQ,200.7,201.0,202.1,196.2,196.5,197.75,198.73,8027053,159521284365000.0,41112.0,5421864,0.6754000000000001,200.775,200.14100000000002,201.07771784976904,29.320987654320987,201.40668
2019-11-27,COALINDIA,EQ,197.75,197.5,201.7,196.2,201.1,201.0,199.94,4378518,87545870945000.0,25862.0,2164338,0.4943,200.15,200.207,201.0635873316292,33.43023255813954,200.79576
2019-11-28,COALINDIA,EQ,201.0,200.55,206.35,199.8,206.15,205.85,204.08,7855291,160309669380000.0,51188.0,3505073,0.4462,200.5,200.36,201.9338441804239,41.50702426564496,201.58101
2019-11-29,COALINDIA,EQ,205.85,206.4,208.8,203.85,204.4,205.25,206.43,5422867,111946464240000.02,42541.0,2117587,0.3904999999999999,200.91,200.45399999999998,202.536781602165,44.52054794520548,204.58
2019-12-02,COALINDIA,EQ,205.25,205.2,206.4,202.25,205.2,205.85,204.23,3284647,67083405750000.0,20667.0,1245647,0.3792,201.465,200.61899999999997,203.1391849472259,44.52054794520548,206.5152
2019-12-03,COALINDIA,EQ,205.85,206.5,206.7,204.0,205.15,205.6,205.2,2619997,53762281125000.0,20310.0,1010234,0.3856,202.065,200.88400000000001,203.5866058659121,47.58418740849194,207.58484
2019-12-04,COALINDIA,EQ,205.6,204.6,205.0,201.15,202.5,202.75,202.76,5343182,108337799550000.0,39931.0,2314110,0.4331,202.035,201.07,203.43449570847355,50.62305295950158,207.8488
2019-12-05,COALINDIA,EQ,202.75,202.5,203.1,195.65,195.9,196.4,198.11,6745934,133643369484999.98,48707.0,3511797,0.5206000000000001,202.01500000000001,200.997,202.15549648875108,43.6241610738255,206.49101
2019-12-06,COALINDIA,EQ,196.4,196.4,197.0,190.9,191.45,192.0,193.51,5644775,109231076815000.02,42194.0,2701973,0.4786999999999999,201.315,200.783,200.30904258170543,39.82843137254901,202.44868
2019-12-09,COALINDIA,EQ,192.0,191.95,193.6,191.0,191.65,191.65,192.31,3992473,76780408670000.0,26314.0,2140061,0.536,200.41,200.653,198.7346712032135,40.17305315203957,197.52847
2019-12-10,COALINDIA,EQ,191.65,192.0,192.45,186.55,187.0,187.2,189.09,4431410,83793375720000.0,51913.0,2176133,0.4911,199.355,200.545,196.63745825717467,30.880579010856422,194.39807
2019-12-11,COALINDIA,EQ,187.2,188.3,189.35,185.0,187.7,187.15,187.31,8520046,159587157310000.0,69058.0,5859886,0.6878000000000001,197.97,200.222,194.91246584677927,36.519258202567755,191.0999
2019-12-12,COALINDIA,EQ,187.15,188.3,190.85,186.25,190.45,190.15,188.47,8081188,152303357055000.0,57043.0,4878968,0.6037,196.4,200.03799999999998,194.04656296554668,37.58765778401121,189.18938
2019-12-13,COALINDIA,EQ,190.15,191.7,196.9,191.3,196.45,196.25,194.62,5851149,113874858259999.98,38351.0,2350392,0.4017,195.5,199.96599999999998,194.44718788090182,44.44444444444445,189.85687
2019-12-16,COALINDIA,EQ,196.25,197.0,197.3,192.0,192.75,192.6,194.07,3154315,61214926865000.0,26367.0,1155752,0.3664,194.175,199.93599999999998,194.11133553891966,43.680981595092014,193.67484
2019-12-17,COALINDIA,EQ,192.6,193.45,196.5,192.05,195.85,196.2,195.11,3652710,71268138225000.0,31142.0,1253677,0.3432,193.23499999999999,200.125,194.49109271366154,44.16058394160582,194.95886
2019-12-18,COALINDIA,EQ,196.2,195.85,198.5,194.8,197.6,197.75,196.94,3623918,71367962160000.0,28488.0,1633582,0.4508,192.73499999999999,200.364,195.08362131117764,39.285714285714285,196.64937
2019-12-19,COALINDIA,EQ,197.75,197.4,198.1,195.25,196.9,196.9,196.88,2015809,39687509960000.0,23822.0,402413,0.1996,192.785,200.614,195.4138719818726,39.02759526938239,198.4039
2019-12-20,COALINDIA,EQ,196.9,196.85,202.7,196.15,200.7,200.8,200.37,5806708,116349218209999.98,45442.0,2492656,0.4293,193.665,200.923,196.39316798516847,43.893591293833154,198.98415
2019-12-23,COALINDIA,EQ,200.8,200.6,202.35,196.3,197.65,197.25,198.83,6665480,132527313830000.0,27209.0,3091564,0.4638,194.225,201.17699999999996,196.54895562422874,40.64949608062711,200.76122
2019-12-24,COALINDIA,EQ,197.25,197.8,199.7,197.4,198.2,198.95,198.66,3113553,61855138990000.0,19508.0,1040585,0.3342,195.4,201.375,196.98550914709625,45.63218390804596,200.43538
2019-12-26,COALINDIA,EQ,198.95,198.4,201.4,195.2,200.0,197.3,197.02,8630191,170034050585000.0,38116.0,4208521,0.4877,196.415,201.51899999999998,197.04268930216966,51.159793814433,200.47786
2019-12-27,COALINDIA,EQ,197.3,198.5,205.5,197.65,204.2,203.5,201.45,5046833,101669202980000.0,31761.0,1982526,0.3928,197.75,201.766,198.21674579268426,64.16256157635469,199.85466
2019-12-30,COALINDIA,EQ,203.5,203.55,206.25,201.2,205.55,205.8,203.98,4696784,95806152935000.0,31067.0,1387489,0.2954,198.705,201.991,199.59551928492345,66.62749706227967,202.14862
2019-12-31,COALINDIA,EQ,205.8,205.0,212.45,204.45,211.45,211.35,209.69,10534842,220905648875000.0,87636.0,2919947,0.2772,200.57999999999998,202.23,201.73269759675554,77.66323024054986,205.21716
2020-01-01,COALINDIA,EQ,211.35,211.35,212.6,208.4,211.95,211.95,210.71,6447592,135855696059999.98,48911.0,1294489,0.2007999999999999,202.15500000000003,202.35,203.59038894279996,78.05429864253395,209.6368
2020-01-02,COALINDIA,EQ,211.95,212.5,212.8,208.3,210.95,211.1,210.67,5958343,125521601740000.02,45875.0,1763059,0.2959,203.49,202.396,204.95577277138176,74.91082045184305,212.69629
2020-01-03,COALINDIA,EQ,211.1,210.0,212.6,207.7,210.65,211.85,210.47,6452638,135809639970000.0,43299.0,2147545,0.3328,204.98499999999999,202.457,206.2092686311305,71.25340599455042,213.65565
2020-01-06,COALINDIA,EQ,211.85,209.95,209.95,203.45,205.15,205.7,205.46,6853058,140803116125000.0,54913.0,2105530,0.3072,205.475,202.46699999999998,206.1166743345613,66.7091836734694,214.00482
2020-01-07,COALINDIA,EQ,205.7,206.5,208.2,204.35,205.75,205.7,206.51,5243225,108276469415000.02,44407.0,2106932,0.4018,206.32,202.46400000000003,206.04091536464105,63.34269662921349,211.2454
2020-01-08,COALINDIA,EQ,205.7,203.0,204.55,198.2,200.5,200.2,201.61,7295998,147092302275000.0,45845.0,2689056,0.3686,206.445,202.41100000000003,204.97893075288812,53.09734513274336,208.93553
2020-01-09,COALINDIA,EQ,200.2,203.25,203.7,197.35,197.95,198.0,198.82,10321169,205210333365000.0,60490.0,5171986,0.5011,206.51500000000001,202.17600000000002,203.710034252363,51.344743276283616,205.28038
2020-01-10,COALINDIA,EQ,198.0,199.15,206.55,198.95,204.5,205.3,204.41,13533598,276645430925000.0,79389.0,3173348,0.2345,206.695,202.157,203.9991189337515,55.07900677200904,201.91333
2020-01-13,COALINDIA,EQ,205.3,205.3,212.0,205.0,211.6,211.55,210.18,9863555,207310401690000.0,55913.0,2354932,0.2387999999999999,207.26999999999998,202.23699999999997,205.37200640034214,65.21276595744683,203.44293
2020-01-14,COALINDIA,EQ,211.55,211.15,213.5,209.75,213.0,212.95,211.69,5417581,114682295425000.0,31792.0,2263579,0.4178,207.42999999999998,202.354,206.74982341846174,64.98929336188439,208.39723
2020-01-15,COALINDIA,EQ,212.95,212.6,214.6,211.3,212.4,212.45,213.05,4863227,103610417350000.0,31945.0,2327746,0.4786,207.47999999999996,202.30300000000003,207.7862191605596,66.63007683863884,212.63246
2020-01-16,COALINDIA,EQ,212.45,212.45,212.7,207.1,210.2,210.25,210.29,6937929,145898508590000.0,48580.0,3256575,0.4694,207.39499999999998,202.285,208.2341793131851,58.12274368231047,214.56917
2020-01-17,COALINDIA,EQ,210.25,210.0,210.55,206.1,208.1,207.9,208.09,5985342,124549497525000.0,41319.0,2780997,0.4646,207.0,202.195,208.17341943806053,52.52403846153845,214.07047
2020-01-20,COALINDIA,EQ,207.9,208.0,209.8,200.5,202.2,201.15,205.26,8110607,166480851820000.0,45643.0,3609084,0.445,206.545,201.968,206.89643408568588,38.084112149532714,212.10872
2020-01-21,COALINDIA,EQ,201.15,201.15,205.25,201.15,202.35,202.15,203.65,6347967,129276907930000.0,43002.0,2130418,0.3356,206.19,201.826,206.0334460701066,38.65740740740741,207.58
2020-01-22,COALINDIA,EQ,202.15,199.1,199.4,190.95,191.55,191.9,193.98,19096395,370438820550000.0,105972.0,6580122,0.3446,205.35999999999999,201.46699999999998,203.46372860281446,31.749049429657788,204.85876
2020-01-23,COALINDIA,EQ,191.9,192.05,195.2,189.85,191.4,190.75,192.07,16369722,314413059950000.0,71162.0,7414229,0.4529,204.635,201.13699999999997,201.1521415841209,30.094339622641513,199.16925
2020-01-24,COALINDIA,EQ,190.75,193.0,196.3,192.15,194.4,193.95,194.19,10626281,206346617860000.0,63929.0,3410074,0.3209,203.5,200.96900000000002,199.84266129609892,38.26173826173825,194.71378
2020-01-27,COALINDIA,EQ,193.95,193.95,195.0,192.0,193.0,193.35,193.65,7195361,139337760130000.0,33802.0,2333097,0.3243,201.68,200.813,198.66217742408094,37.80848963474828,194.01074
2020-01-28,COALINDIA,EQ,193.35,193.9,194.25,188.4,189.5,189.15,190.07,10274562,195288952520000.0,55958.0,4139911,0.4029,199.3,200.59,196.93269061970256,38.80445795339413,194.31833
2020-01-29,COALINDIA,EQ,189.15,191.0,193.0,188.0,191.1,191.05,191.53,10602818,203075299895000.0,60651.0,4098350,0.3865,197.16,200.41899999999998,195.86311050702938,42.91539245667687,192.85371
2020-01-30,COALINDIA,EQ,191.05,191.4,192.35,187.5,188.2,187.95,189.81,10859103,206112286125000.0,55217.0,4171042,0.3841,194.93,200.11700000000002,194.42436314211494,30.65774804905236,192.45177
2020-01-31,COALINDIA,EQ,187.95,188.8,189.45,180.0,183.55,181.7,183.4,35281395,647065902105000.0,146426.0,16786709,0.4758,192.31,199.81900000000002,192.1108425708213,16.722408026755815,191.1059
2020-02-01,COALINDIA,EQ,181.7,182.0,182.0,171.05,174.3,173.5,176.95,23303943,412371768200000.0,122654.0,7486069,0.3212,189.54500000000002,199.30900000000003,188.72705301249016,11.810261374636966,187.26912
2020-02-03,COALINDIA,EQ,173.5,174.9,179.45,172.15,178.9,178.65,177.27,15284598,270944565240000.0,92895.0,4862901,0.3182,187.195,198.868,186.89486155567374,19.982238010657213,180.77205
2020-02-04,COALINDIA,EQ,178.65,180.75,183.0,179.75,182.7,182.5,181.62,10043759,182410129965000.0,61745.0,3871446,0.3854999999999999,186.255,198.563,186.0957958182785,26.056945642795498,178.70998
2020-02-05,COALINDIA,EQ,182.5,184.0,184.0,178.5,179.8,179.25,180.7,9468632,171101152090000.0,55574.0,3206565,0.3387,185.105,198.128,184.85110566950058,25.65845369583687,180.46185
2020-02-06,COALINDIA,EQ,179.25,180.2,181.6,178.25,179.7,179.95,179.76,6917941,124355349905000.0,54462.0,3277282,0.4737,183.70499999999998,197.61,183.9599955477732,29.924242424242408,180.96037
2020-02-07,COALINDIA,EQ,179.95,180.3,186.05,178.1,184.95,185.05,181.6,13470302,244619617310000.0,71587.0,5587617,0.4148,182.875,197.20600000000002,184.1581781754508,34.97363796133568,181.22891
2020-02-10,COALINDIA,EQ,185.05,184.9,185.0,177.65,178.85,178.85,179.85,19665611,353695592515000.0,96003.0,11152489,0.5671,181.845,196.66600000000003,183.19305487082335,37.653736991485324,183.64638
2020-02-11,COALINDIA,EQ,178.85,180.0,181.5,176.25,179.4,179.35,178.68,16397703,293000983655000.0,82010.0,7271302,0.4434,180.675,196.141,182.49431762158275,39.080459770114935,182.7583
2020-02-12,COALINDIA,EQ,179.35,181.0,183.4,178.2,180.3,180.3,180.35,14669421,264560711625000.0,83056.0,5596157,0.3815,179.91,195.692,182.09535078129497,36.33633633633638,181.59332
2020-02-13,COALINDIA,EQ,180.3,180.3,180.95,175.85,178.0,177.8,177.63,11781999,209279902320000.0,65495.0,4769531,0.4048,179.51999999999998,195.32,181.31437791196862,35.00482160077149,181.30196
2020-02-14,COALINDIA,EQ,177.8,178.0,178.9,174.2,174.5,174.75,175.77,15392705,270554637735000.0,93623.0,7014339,0.4557,179.64499999999998,194.975,180.12085465524706,35.79881656804736,180.222
2020-02-17,COALINDIA,EQ,174.75,174.75,175.2,166.8,168.1,167.85,169.14,15997350,270572474640000.0,97423.0,5844355,0.3653,178.565,194.49900000000002,177.88979017247487,29.174147217235202,178.02141
2020-02-18,COALINDIA,EQ,167.85,168.1,173.95,165.0,172.75,171.85,168.55,27643844,465946695450000.0,91485.0,14752106,0.5336,177.5,194.192,176.79164650475215,35.77738515901062,173.38991
2020-02-19,COALINDIA,EQ,171.85,176.35,178.55,174.25,177.8,177.75,176.61,21092109,372500957015000.0,113986.0,6129694,0.2905999999999999,177.35,194.00400000000002,176.9658925947972,46.4888888888889,171.91605
2020-02-20,COALINDIA,EQ,177.75,177.75,180.25,175.2,179.1,179.35,177.62,16776977,297989547480000.0,88047.0,8983105,0.5354,177.29000000000002,193.78800000000004,177.3993666684704,55.891238670694854,174.60483
2020-02-24,COALINDIA,EQ,179.35,178.75,178.9,173.3,174.15,174.85,175.38,9952676,174554460280000.0,60533.0,3972252,0.3990999999999999,176.27,193.36,176.9358454560212,46.12244897959184,177.94006
2020-02-25,COALINDIA,EQ,174.85,176.1,178.7,174.2,175.6,175.1,176.75,13534936,239232167960000.0,59232.0,5523298,0.4081,175.89499999999998,193.01,176.60205537310827,41.85022026431718,177.95412
2020-02-26,COALINDIA,EQ,175.1,174.2,177.75,172.65,173.7,173.8,175.28,10925243,191501127155000.0,77432.0,4142657,0.3792,175.34,192.562,176.09259075981583,43.728423475258936,177.21065
2020-02-27,COALINDIA,EQ,173.8,173.75,174.55,169.6,173.9,174.1,172.28,11500515,198135277990000.0,60532.0,4533167,0.3942,174.72,192.08899999999997,175.7303015307584,43.205574912892004,176.01675
2020-02-28,COALINDIA,EQ,174.1,171.55,171.8,166.75,167.75,168.4,169.17,14694382,248591229695000.0,105493.0,6484291,0.4413,173.78000000000003,191.519,174.39751943425688,30.927835051546396,175.33687
2020-03-02,COALINDIA,EQ,168.4,172.65,175.0,168.3,169.4,169.35,172.55,11962711,206420143360000.0,63565.0,4782713,0.3998,173.24,190.89,173.47978862802833,37.63020833333333,172.51671
2020-03-03,COALINDIA,EQ,169.35,171.35,179.65,170.9,177.5,178.2,174.83,17015816,297480510635000.0,73868.0,8702955,0.5115,174.275,190.50900000000001,174.33800887747773,48.770053475935825,170.76556
2020-03-04,COALINDIA,EQ,178.2,178.25,179.8,174.1,177.95,178.1,177.37,9858330,174857014710000.0,78436.0,2622862,0.2661,174.9,190.092,175.02200726339086,47.60348583877994,174.06808
2020-03-05,COALINDIA,EQ,178.1,180.0,180.2,172.2,176.65,177.15,175.97,12349902,217326325585000.0,61821.0,2902240,0.235,174.84,189.68900000000002,175.40891503368343,49.26719278466741,177.2329
2020-03-06,COALINDIA,EQ,177.15,166.7,173.0,166.5,169.0,168.75,170.06,10629291,180764258155000.0,71770.0,4162213,0.3915999999999999,173.78,188.99400000000003,174.19820320937734,43.96378269617705,178.53014
2020-03-09,COALINDIA,EQ,168.75,165.8,166.7,156.95,157.65,157.95,161.87,23967961,387967459245000.0,101385.0,13590537,0.5670000000000001,172.09,188.037,171.243984444036,40.76492537313431,175.01138
2020-03-11,COALINDIA,EQ,157.95,158.1,169.9,157.05,166.7,168.0,164.13,28399809,466123621075000.0,148710.0,9434271,0.3322,171.38000000000002,187.17,170.6541690905749,46.77284157585918,166.91454
2020-03-12,COALINDIA,EQ,168.0,161.0,163.0,150.1,156.75,154.55,155.35,33250978,516554703930000.0,206701.0,15512094,0.4664999999999999,169.45499999999998,186.02200000000002,167.72613834683398,32.73809523809523,165.56758
2020-03-13,COALINDIA,EQ,154.55,146.25,161.55,123.65,155.35,154.1,152.68,43328031,661528885605000.0,175752.0,19682165,0.4543,167.45499999999998,184.882,165.24865864740963,30.885692657077968,160.61526
2020-03-16,COALINDIA,EQ,154.1,150.95,151.35,143.1,144.55,143.9,147.18,23548327,346583120800000.0,92209.0,10320947,0.4382999999999999,165.005,183.523,161.3670843478806,28.432055749128907,156.54253
2020-03-17,COALINDIA,EQ,143.9,145.2,155.4,142.3,147.25,145.9,150.1,18990185,285038283490000.0,108984.0,6909482,0.3638,162.66,182.327,158.55488719372048,30.136054421768705,149.96619
2020-03-18,COALINDIA,EQ,145.9,151.6,151.85,143.0,144.5,145.05,146.25,18744151,274130358505000.03,99549.0,8195345,0.4372,159.345,181.114,156.09945315849856,30.321697467488008,146.36662
2020-03-19,COALINDIA,EQ,145.05,128.0,133.5,122.0,122.55,123.55,128.67,28555217,367424665570000.0,184801.0,11761737,0.4119,153.89000000000001,179.581,150.18137076604427,23.183023872679044,144.78008
2020-03-20,COALINDIA,EQ,123.55,124.5,135.8,122.65,132.4,132.8,129.47,24023065,311026394330000.0,104020.0,9537271,0.397,149.45499999999998,178.27699999999996,147.0211215358544,31.79959100204499,134.87337
2020-03-23,COALINDIA,EQ,132.8,122.5,134.85,120.05,127.55,127.85,129.07,17885210,230839942950000.0,94097.0,10549335,0.5898,145.36499999999998,176.72799999999998,143.53546307478996,29.616895874263264,130.82823
2020-03-24,COALINDIA,EQ,127.85,129.25,135.0,125.45,129.0,127.85,130.27,9991429,130157356945000.0,62450.0,3193288,0.3196,142.355,175.054,140.6835606975554,22.91554599246909,128.0624
2020-03-25,COALINDIA,EQ,127.85,126.0,129.25,123.7,124.25,124.5,125.35,8344561,104597483265000.0,59668.0,3647405,0.4371,138.00500000000002,173.285,137.7410951161817,22.14137214137216,126.72101
2020-03-26,COALINDIA,EQ,124.5,126.0,127.0,119.2,123.9,123.25,123.09,28364155,349145480270000.0,153911.0,18236069,0.6429,134.875,171.50099999999998,135.1063505496032,22.072538860103634,124.876175
2020-03-27,COALINDIA,EQ,123.25,125.9,132.95,125.0,131.15,131.7,129.23,18334750,236946129775000.0,116521.0,7032558,0.3836,132.635,169.93,134.48701408603898,30.81305023303989,123.0932
2020-03-30,COALINDIA,EQ,131.7,127.55,134.75,127.2,133.15,133.15,132.01,12357416,163125311680000.0,91151.0,4423231,0.3579,131.56,168.435,134.24392061585007,35.77981651376149,125.834465
2020-03-31,COALINDIA,EQ,133.15,135.1,142.35,134.25,139.8,140.05,139.07,14997627,208576878440000.0,89569.0,5404833,0.3604,130.975,167.213,135.29957141296822,33.37299226650805,129.37778
2020-04-01,COALINDIA,EQ,140.05,138.75,141.25,137.05,139.7,139.45,139.45,8833033,123175081180000.0,62281.0,3778342,0.4278,130.415,165.959,136.05419479242855,39.396067415730336,134.67705
2020-04-03,COALINDIA,EQ,139.45,138.6,139.9,131.8,137.75,137.75,136.15,10937172,148912752260000.0,105935.0,3450581,0.3155,131.83499999999998,164.87599999999998,136.36252301198698,38.71635610766047,137.96652
2020-04-07,COALINDIA,EQ,137.75,140.3,142.4,137.15,139.65,140.15,140.28,8205546,115108409834999.98,54857.0,3024110,0.3685,132.57,163.86399999999998,137.0511551916257,47.09976798143852,138.50351
2020-04-08,COALINDIA,EQ,140.15,140.0,143.4,137.0,137.55,137.35,139.88,7070296,98900912495000.0,55896.0,2149083,0.304,133.52,162.732,137.1054906113301,43.468296409472885,139.1095
2020-04-09,COALINDIA,EQ,137.35,139.2,141.45,138.0,140.7,140.8,140.19,5078557,71195675790000.0,36981.0,1298635,0.2557,134.815,161.68099999999998,137.77721959108825,46.87729610580456,138.22986
2020-04-13,COALINDIA,EQ,140.8,140.8,146.7,138.35,145.8,145.9,144.12,10691857,154094404130000.0,57290.0,2698824,0.2524,136.95499999999998,160.816,139.2540887563449,71.6360116166505,138.80942
2020-04-15,COALINDIA,EQ,145.9,147.4,151.6,146.0,146.5,146.85,148.91,10487978,156177456460000.0,85581.0,3419783,0.3261,139.315,159.932,140.63516352791856,66.2053056516724,141.84906
2020-04-16,COALINDIA,EQ,146.85,144.6,150.5,144.4,147.35,147.4,148.5,9736874,144593813460000.0,65846.0,3875381,0.3979999999999999,140.885,159.121,141.86513379556973,75.09627727856224,144.70432
2020-04-17,COALINDIA,EQ,147.4,151.5,152.45,148.3,148.75,148.75,149.79,7094930,106274330725000.0,49937.0,2138681,0.3014,142.445,158.46200000000002,143.11692765092067,75.9305210918114,146.5307
2020-04-20,COALINDIA,EQ,148.75,149.9,149.9,143.0,144.2,144.2,145.98,7139690,104228417670000.0,61760.0,2011348,0.2817,142.86,157.876,143.3138498962078,73.7349397590361,147.91647
2020-04-21,COALINDIA,EQ,144.2,141.0,141.6,137.8,140.3,139.0,139.35,6501383,90597775615000.0,50407.0,2743784,0.422,142.815,157.083,142.52951355144276,67.32673267326732,146.56941
2020-04-22,COALINDIA,EQ,139.0,138.2,141.3,135.0,141.0,140.7,138.36,5604353,77541321740000.0,54723.0,1495981,0.2669,143.10999999999999,156.24699999999999,142.1968747239077,61.62790697674418,142.71371
2020-04-23,COALINDIA,EQ,140.7,140.8,144.75,140.1,140.9,140.9,142.33,7553387,107506224325000.0,57402.0,3277991,0.434,143.185,155.48,141.96107931956084,60.347129506008,140.55681
2020-04-24,COALINDIA,EQ,140.9,140.6,143.8,135.8,137.25,137.0,140.11,11701225,163947224820000.0,74521.0,5377305,0.4596,143.15,154.621,141.0590648978225,45.573294629898385,139.89478
2020-04-27,COALINDIA,EQ,137.0,139.0,139.7,137.5,138.2,138.1,138.39,4238903,58662942120000.01,33953.0,1522577,0.3592,142.88000000000002,153.682,140.5210530982184,48.068669527897,138.17967
2020-04-28,COALINDIA,EQ,138.1,138.6,139.55,134.45,135.35,135.4,136.52,7064485,96442096030000.0,58250.0,3794832,0.5372,141.82999999999998,152.81300000000002,139.58995253490596,46.731571627260095,137.3834
2020-04-29,COALINDIA,EQ,135.4,135.5,140.85,135.35,140.0,139.85,138.89,7399371,102769138025000.0,57807.0,2503769,0.3384,141.13000000000002,152.023,139.63723389219578,49.60526315789472,136.01295
2020-04-30,COALINDIA,EQ,139.85,141.5,149.45,141.35,148.8,148.5,145.94,13146077,191849422710000.0,103971.0,6570356,0.4997999999999999,141.24,151.387,141.24864591179653,62.71379703534779,137.03343
2020-05-04,COALINDIA,EQ,148.5,144.7,144.7,140.35,142.15,142.3,142.63,8356131,119184523100000.0,58591.0,3884787,0.4649,140.595,150.67700000000002,141.4398012005608,51.60944206008583,142.1901
2020-05-05,COALINDIA,EQ,142.3,143.9,147.25,137.35,138.5,138.0,142.13,11879416,168842982255000.0,73467.0,4531433,0.3815,139.975,149.942,140.81438280045882,41.37554585152838,143.52374
2020-05-06,COALINDIA,EQ,138.0,139.35,139.35,133.15,134.0,133.75,134.84,10427899,140612678350000.0,77869.0,3236233,0.3103,139.45,149.26,139.52994956401176,36.65987780040733,141.2691
2020-05-07,COALINDIA,EQ,133.75,130.0,133.0,130.0,131.0,130.8,131.56,10860354,142877043400000.0,75808.0,4052134,0.3731,138.46,148.439,137.9426860069187,33.88349514563106,137.11258
2020-05-08,COALINDIA,EQ,130.8,132.85,133.2,128.55,129.0,129.0,130.32,7097561,92497512395000.0,56783.0,2846229,0.401,137.27,147.464,136.31674309656984,30.99133782483156,132.8584
2020-05-11,COALINDIA,EQ,129.0,130.15,131.05,128.05,128.25,128.45,129.31,6657861,86091511980000.0,59311.0,2504185,0.3761,136.41500000000002,146.446,134.88642616992075,33.57664233576642,129.54976
2020-05-12,COALINDIA,EQ,128.45,128.2,129.05,125.3,127.0,126.85,126.76,8128532,103039500935000.0,67381.0,3907157,0.4807,135.29000000000002,145.486,133.4252577753897,36.3021420518602,127.64393
2020-05-13,COALINDIA,EQ,126.85,132.5,132.5,128.5,131.0,130.6,130.69,11135899,145537336340000.0,87482.0,5376356,0.4828,134.81,144.596,132.91157454350065,39.11637931034484,126.22952
2020-05-14,COALINDIA,EQ,130.6,129.85,131.45,128.05,128.95,128.65,129.27,5663229,73206645940000.0,48845.0,1979804,0.3496,133.69,143.693,132.1367428083187,37.27933541017653,127.21809
2020-05-15,COALINDIA,EQ,128.65,129.7,130.85,127.75,129.4,129.6,129.57,6296866,81585526495000.0,48958.0,1808288,0.2872,131.8,142.803,131.67551684316982,41.814159292035384,127.636154
2020-05-18,COALINDIA,EQ,129.6,127.0,127.0,121.05,121.8,121.7,123.23,24334222,299864415360000.0,167369.0,7997000,0.3286,129.73999999999998,141.869,129.86178650804803,34.230769230769226,128.11743
2020-05-19,COALINDIA,EQ,121.7,123.1,124.15,121.8,123.65,123.6,123.22,9537937,117530050345000.0,70856.0,3779678,0.3963,128.3,140.954,128.72327987022112,38.476562499999986,124.93062
2020-05-20,COALINDIA,EQ,123.6,123.0,125.15,121.85,123.4,123.25,123.51,8087994,99892007755000.0,83321.0,3704760,0.4581,127.25,139.855,127.72813807563546,32.37791932059447,122.83879
2020-05-21,COALINDIA,EQ,123.25,123.9,126.25,122.8,124.8,124.5,124.68,6187533,77144588925000.0,42468.0,1940389,0.3136,126.62,138.783,127.14120388006538,19.7732997481108,121.81434
2020-05-22,COALINDIA,EQ,124.5,124.0,126.05,121.9,125.5,125.2,124.27,7129073,88593359140000.0,50794.0,2289302,0.3211,126.24000000000001,137.744,126.78825772005348,24.99999999999997,122.044945
2020-05-26,COALINDIA,EQ,125.2,125.85,128.0,125.0,127.3,127.25,126.68,6183000,78323234505000.0,43527.0,2509769,0.4059,126.11999999999998,136.914,126.87221086186193,33.1768388106416,122.84575
2020-05-27,COALINDIA,EQ,127.25,127.25,131.35,126.0,130.5,130.8,128.98,6084266,78474047440000.0,53996.0,2012812,0.3308,126.51500000000001,136.371,127.58635434152339,45.280000000000015,124.38206
2020-05-28,COALINDIA,EQ,130.8,130.85,134.3,129.3,133.6,133.9,133.07,7883181,104902622820000.0,52289.0,3126845,0.3965999999999999,126.845,135.689,128.73428991579186,54.93630573248407,127.070435
2020-05-29,COALINDIA,EQ,133.9,133.5,142.45,132.25,140.65,141.3,138.64,16208002,224704436555000.03,93501.0,6655822,0.4107,128.11,135.424,131.018964476557,66.62162162162164,130.33861
2020-06-01,COALINDIA,EQ,141.3,142.1,149.75,141.55,147.65,148.55,145.86,21205031,309294551975000.0,99115.0,9675369,0.4563,130.005,135.313,134.20642548081935,72.9977116704806,135.68828
2020-06-02,COALINDIA,EQ,148.55,149.15,149.15,143.0,143.65,143.4,144.15,16680118,240438024750000.0,125175.0,4900534,0.2938,132.175,135.303,135.87798448430672,67.51322751322753,142.60745
2020-06-03,COALINDIA,EQ,143.4,145.0,145.1,141.1,141.3,141.7,142.79,11561360,165088937725000.0,81683.0,4514936,0.3904999999999999,133.98499999999999,135.21900000000002,136.9365327598873,62.278761061946895,144.68549
2020-06-04,COALINDIA,EQ,141.7,141.0,142.6,139.35,140.6,140.25,140.56,6295322,88486880700000.0,47936.0,1678756,0.2667,135.685,135.12300000000002,137.5389813489987,62.97539149888143,143.74722
2020-06-05,COALINDIA,EQ,140.25,141.0,145.75,140.5,145.4,144.85,143.7,11872638,170612889090000.0,76530.0,4836338,0.4074,137.72,135.549,138.86825746736255,65.770423991727,141.75117
2020-06-08,COALINDIA,EQ,144.85,148.0,148.95,144.75,146.85,146.7,147.03,11258936,165535463185000.0,74920.0,3785371,0.3362,139.86999999999998,135.827,140.2922106551148,79.55082742316783,142.34758
2020-06-09,COALINDIA,EQ,146.7,147.95,147.95,143.65,144.2,144.3,145.06,6957097,100917086555000.0,50309.0,1863336,0.2678,141.575,136.156,141.0208996269121,74.18224299065423,144.24377
2020-06-10,COALINDIA,EQ,144.3,144.0,144.75,140.2,140.85,140.7,141.91,8915113,126517463384999.98,58961.0,3517808,0.3946,142.565,136.41299999999998,140.9625542402008,68.94679695982626,144.60706
2020-06-11,COALINDIA,EQ,140.7,140.85,142.9,137.5,137.9,137.7,140.22,9259409,129838451359999.98,66927.0,2652215,0.2864,142.945,136.67700000000002,140.3693625601643,63.807531380753126,142.79578
2020-06-12,COALINDIA,EQ,137.7,133.1,135.55,132.7,134.7,134.65,134.3,8425506,113150586405000.0,71487.0,2962171,0.3515999999999999,142.28,136.905,139.32947845831623,59.421734795613176,139.8383
2020-06-15,COALINDIA,EQ,134.65,134.7,135.0,130.5,132.35,132.1,132.41,8217883,108809383945000.0,54843.0,2785520,0.3389999999999999,140.635,136.913,138.01502782953145,54.78775913129318,136.46964
2020-06-16,COALINDIA,EQ,132.1,134.5,135.0,129.55,131.35,131.15,131.86,7130557,94026182580000.0,46869.0,2729722,0.3828,139.41,136.873,136.76684095143483,50.36420395421436,133.27347
2020-06-17,COALINDIA,EQ,131.15,131.15,133.9,129.1,129.45,129.45,131.14,9072521,118977066975000.0,57866.0,3698291,0.4075999999999999,138.185,136.661,135.43650623299212,45.230439442658074,131.05049
2020-06-18,COALINDIA,EQ,129.45,129.0,139.7,128.15,137.65,137.6,135.98,34587382,470323123150000.0,173947.0,5392585,0.1559,137.92000000000002,136.624,135.82986873608445,46.097046413502085,129.29
2020-06-19,COALINDIA,EQ,137.6,140.0,140.0,135.2,137.0,137.25,136.92,17468342,239179137440000.0,88714.0,5328926,0.3051,137.16,136.614,136.08807442043272,36.04938271604937,132.03123
2020-06-22,COALINDIA,EQ,137.25,137.25,143.95,137.1,143.7,143.65,141.75,19716497,279479590780000.03,95804.0,7891260,0.4002,136.85500000000002,136.684,137.46296998035405,50.299401197604794,134.7675
2020-06-23,COALINDIA,EQ,143.65,144.95,146.75,143.2,144.1,143.85,144.87,10955603,158714984140000.0,63587.0,2152190,0.4157,136.81,136.814,138.6242481657442,52.67080745341616,139.16458
2020-06-24,COALINDIA,EQ,143.85,145.7,146.45,140.75,141.85,141.55,142.81,10639900,151951761460000.0,62216.0,2991754,0.2812,136.895,136.829,139.1562030446998,51.5815085158151,142.27473
2020-06-25,COALINDIA,EQ,141.55,140.35,143.65,138.35,139.2,140.4,140.56,33546613,471536261815000.0,107189.0,15656332,0.4667,137.16500000000002,136.719,139.38234794566347,44.09030544488713,142.6473
2020-06-26,COALINDIA,EQ,140.4,140.9,143.0,139.6,142.1,142.1,142.02,8096021,114982436730000.0,46554.0,2163875,0.2673,137.91,136.62400000000002,139.87646650099737,43.866666666666674,141.57988
2020-06-29,COALINDIA,EQ,142.1,140.55,140.85,134.15,135.05,134.85,135.94,14576506,198152044325000.0,97559.0,4822561,0.3308,138.185,136.373,138.96256350081603,38.84297520661155,141.31682
2020-06-30,COALINDIA,EQ,134.85,136.35,137.15,132.35,133.15,132.85,134.67,9576074,128964939534999.98,61798.0,3279784,0.3425,138.355,136.055,137.85118831884947,40.3680981595092,138.1534
2020-07-01,COALINDIA,EQ,132.85,132.85,134.65,131.4,134.05,133.85,133.51,8413691,112334179075000.0,47189.0,2143545,0.2548,138.795,135.84799999999998,137.1236995336041,45.032258064516135,134.5916
2020-07-02,COALINDIA,EQ,133.85,134.05,135.0,132.8,133.75,133.6,133.69,7746561,103566527070000.0,47067.0,2369671,0.3059,138.395,135.74,136.48302689113063,48.53963838664811,132.89034
2020-07-03,COALINDIA,EQ,133.6,134.4,135.9,133.05,135.0,135.25,134.37,9093435,122186966209999.98,62413.0,2972361,0.3268999999999999,138.195,135.631,136.25884018365232,54.49358059914408,132.32817
2020-07-06,COALINDIA,EQ,135.25,136.3,137.5,135.25,135.85,135.85,136.17,9491956,129249641320000.0,48520.0,3101204,0.3267,137.41500000000002,135.53,136.18450560480645,56.77233429394811,133.05505
2020-07-07,COALINDIA,EQ,135.85,136.5,136.7,132.6,133.0,132.85,133.63,9905750,132375357750000.0,94169.0,4459127,0.4502,136.315,135.447,135.57823185847798,54.722222222222236,134.12366
2020-07-08,COALINDIA,EQ,132.85,132.95,134.45,131.6,132.85,132.85,132.92,12308840,163603283365000.0,70137.0,4798469,0.3898,135.445,135.342,135.08218970239105,41.472172351885085,133.50685
2020-07-09,COALINDIA,EQ,132.85,133.5,135.3,129.1,130.8,130.4,131.48,19348275,254382274420000.0,113948.0,8447928,0.4366,134.445,135.242,134.23088248377448,38.56427378964941,132.67203
2020-07-10,COALINDIA,EQ,130.4,129.5,132.25,128.2,131.25,131.2,130.67,17079042,223170900665000.0,94861.0,5097240,0.2984,133.355,135.069,133.67981294127003,24.435318275153904,131.05229
2020-07-13,COALINDIA,EQ,131.2,131.8,132.45,130.3,130.65,130.5,130.98,7748616,101494549455000.0,58621.0,3158897,0.4077,132.92,134.709,133.10166513376637,23.138832997987876,130.22882
2020-07-14,COALINDIA,EQ,130.5,130.4,130.4,128.0,128.25,128.25,128.94,7234663,93286143855000.0,56207.0,2750599,0.3802,132.45999999999998,134.428,132.2195442003543,23.185483870967673,129.67003
2020-07-15,COALINDIA,EQ,128.25,128.85,129.45,127.55,128.2,128.0,128.51,7037830,90445044470000.0,54870.0,3089399,0.439,131.875,134.22799999999998,131.45235434574442,24.058577405857676,128.40814
2020-07-16,COALINDIA,EQ,128.0,127.75,128.0,124.6,126.05,126.15,125.7,11785672,148147917555000.0,113925.0,3788917,0.3215,131.13,134.076,130.48828991924543,16.839916839916796,127.36119
2020-07-17,COALINDIA,EQ,126.15,126.6,132.05,126.6,130.95,130.6,129.3,11331580,146521470925000.0,62603.0,3999890,0.353,130.665,134.072,130.50860084301897,39.99999999999997,126.00428
2020-07-20,COALINDIA,EQ,130.6,133.5,134.6,131.7,133.1,133.0,133.43,16602099,221524446460000.0,136914.0,4722851,0.2845,130.38,134.152,130.9615825079246,50.34642032332565,127.09658
2020-07-21,COALINDIA,EQ,133.0,133.5,134.5,132.0,133.15,133.1,133.39,10375599,138400243659999.98,100505.0,3854659,0.3715,130.40500000000003,134.245,131.3503856883019,48.192771084337345,129.516
2020-07-22,COALINDIA,EQ,133.1,133.7,136.7,132.75,134.25,134.1,135.04,14123442,190726249445000.0,95814.0,4667350,0.3304999999999999,130.53,134.39,131.8503155631561,51.16279069767442,131.31783
2020-07-23,COALINDIA,EQ,134.1,134.9,135.55,133.2,133.5,133.45,134.27,5534401,74308142085000.0,34953.0,1272852,0.23,130.835,134.447,132.1411672789459,45.60975609756093,132.62514
2020-07-24,COALINDIA,EQ,133.45,132.9,132.9,130.0,131.5,131.6,131.16,8426461,110521803459999.98,53860.0,2254150,0.2675,130.875,134.50599999999997,132.04277322822844,40.22988505747124,132.96082
2020-07-27,COALINDIA,EQ,131.6,131.6,131.8,129.35,130.0,129.95,130.37,5361640,69900321240000.0,39588.0,1364613,0.2545,130.82,134.513,131.66226900491415,42.89215686274506,132.04935
2020-07-28,COALINDIA,EQ,129.95,130.1,130.75,128.55,130.35,130.45,129.83,5274400,68477914315000.0,31381.0,1537890,0.2916,131.04000000000002,134.68800000000002,131.44185645856612,44.2583732057416,130.42876
2020-07-29,COALINDIA,EQ,130.45,130.0,132.5,129.7,131.25,131.2,131.42,5730273,75309266130000.0,36367.0,1726375,0.3013,131.35999999999999,134.84,131.39788255700864,52.08333333333329,129.50781
2020-07-30,COALINDIA,EQ,131.2,131.3,131.7,128.3,128.75,128.6,129.76,5755343,74680802430000.0,63278.0,2454335,0.4264,131.605,134.947,130.8891766375525,43.80952380952382,129.50856
2020-07-31,COALINDIA,EQ,128.6,128.95,130.0,127.55,129.55,129.25,128.77,5310134,68378028990000.0,39395.0,1466304,0.2761,131.47,135.042,130.59114452163385,47.01670644391408,128.61243
2020-08-03,COALINDIA,EQ,129.25,129.9,129.9,128.1,128.7,128.4,129.0,4101652,52909509670000.0,27575.0,917256,0.2236,131.01,135.106,130.1927546086095,50.383631713555005,128.1209
2020-08-04,COALINDIA,EQ,128.4,129.6,131.7,128.5,128.8,128.75,129.97,8225373,106905518775000.0,44797.0,1976084,0.2402,130.575,135.136,129.9304355888623,51.90839694656489,127.59598
2020-08-05,COALINDIA,EQ,128.75,129.15,130.1,128.2,128.7,128.45,128.9,6357551,81950835220000.0,39043.0,2019704,0.3177,130.01,135.089,129.66126548179642,56.35359116022095,127.43254
2020-08-06,COALINDIA,EQ,128.45,129.0,131.2,128.3,128.9,128.85,129.59,7905921,102450272605000.0,48259.0,2023673,0.256,129.54999999999998,134.988,129.51376266692435,43.77224199288257,127.31308
2020-08-07,COALINDIA,EQ,128.85,129.5,130.35,128.55,129.7,129.75,129.65,6553630,84966262830000.0,47503.0,2068150,0.3156,129.36499999999998,134.757,129.55671490930172,37.05179282868527,127.43101
2020-08-10,COALINDIA,EQ,129.75,130.3,131.15,129.0,129.5,129.25,129.91,7123618,92542059105000.0,36473.0,3286753,0.4614,129.295,134.371,129.50094856215594,35.13513513513517,127.96938
2020-08-11,COALINDIA,EQ,129.25,130.15,131.0,129.7,130.35,130.1,130.27,5668353,73842908395000.0,26399.0,2230692,0.3935,129.26000000000002,134.105,129.6098670054003,34.375000000000014,128.17819
2020-08-12,COALINDIA,EQ,130.1,130.0,130.2,128.5,128.75,128.7,128.98,10656136,137440632005000.0,59052.0,4544247,0.4264,129.01,133.84499999999997,129.44443664078204,32.47232472324724,128.57637
2020-08-13,COALINDIA,EQ,128.7,128.75,130.15,128.3,129.0,128.95,128.96,7333041,94565433715000.0,47414.0,3163716,0.4314,129.045,133.619,129.35453906973075,38.91213389121339,128.24367
2020-08-14,COALINDIA,EQ,128.95,129.35,134.25,129.1,131.95,131.85,132.43,23946126,317128946655000.0,101689.0,5994241,0.2503,129.305,133.359,129.80825923887062,57.19696969696972,127.94373
2020-08-17,COALINDIA,EQ,131.85,133.5,137.0,132.35,135.95,136.0,134.97,23263429,313976685520000.0,129232.0,5546239,0.2384,130.065,133.145,130.93403028634867,66.46884272997033,129.07468
2020-08-18,COALINDIA,EQ,136.0,136.65,138.55,135.65,136.85,136.65,137.07,14887919,204063850210000.0,80246.0,3628583,0.2437,130.855,132.99200000000002,131.97329750701255,66.26865671641794,131.98892
2020-08-19,COALINDIA,EQ,136.65,137.5,138.0,134.45,135.35,135.1,136.46,7440433,101530380005000.0,43780.0,2301128,0.3093,131.52,132.88,132.54178886937387,70.7006369426751,134.46194
2020-08-20,COALINDIA,EQ,135.1,134.1,139.0,133.35,138.3,138.5,137.07,16865173,231178327085000.0,95288.0,6122520,0.363,132.485,132.896,133.62509998403317,75.06775067750672,135.06195
2020-08-21,COALINDIA,EQ,138.5,139.5,141.8,139.0,139.85,139.5,140.48,18104029,254331483660000.0,92436.0,3910535,0.216,133.46,132.993,134.69326362329986,79.83870967741926,136.40047
2020-08-24,COALINDIA,EQ,139.5,140.7,141.4,138.75,139.8,139.8,140.02,7621614,106720065425000.0,44286.0,2754839,0.3615,134.51500000000001,133.147,135.62176114633624,79.78436657681934,137.84341
2020-08-25,COALINDIA,EQ,139.8,140.85,141.0,139.2,140.4,140.45,140.11,8785149,123088740870000.0,61996.0,2836782,0.3229,135.55,133.333,136.4996227560933,81.74603174603169,138.81775
2020-08-26,COALINDIA,EQ,140.45,140.55,143.95,139.95,142.1,141.95,142.57,20083742,286328291750000.0,98321.0,5763571,0.287,136.875,133.583,137.4906004368036,82.74999999999994,139.53505
2020-08-27,COALINDIA,EQ,141.95,142.7,143.25,140.0,140.55,140.55,141.55,9356658,132440858665000.02,45616.0,2898212,0.3097,138.03500000000003,133.642,138.0468549028393,76.34146341463418,140.55042
2020-08-28,COALINDIA,EQ,140.55,141.1,142.4,138.65,139.1,139.05,140.65,9056537,127376013250000.0,44237.0,3058845,0.3377,138.755,133.678,138.22924492050487,72.79069767441864,140.59721
2020-08-31,COALINDIA,EQ,139.05,139.25,142.15,133.9,134.25,134.35,137.83,18673288,257382490105000.03,91051.0,5270228,0.2822,138.58999999999997,133.49200000000002,137.52392766223124,58.38264299802761,139.67955
2020-09-01,COALINDIA,EQ,134.35,135.1,135.4,130.7,133.6,133.45,132.78,10567434,140315815750000.0,48883.0,2661388,0.2518,138.27,133.284,136.78321354182555,59.55734406438631,136.79912
2020-09-02,COALINDIA,EQ,133.45,135.5,137.5,134.75,136.15,136.3,136.49,16749485,228620422265000.0,83905.0,3636711,0.2171,138.39,133.179,136.6953565342209,63.38797814207652,134.18039
2020-09-03,COALINDIA,EQ,136.3,137.5,138.05,133.85,135.55,135.7,135.64,17375928,235695011055000.03,72383.0,3888724,0.2238,138.10999999999999,133.085,136.514382618908,57.65407554671966,134.02344
2020-09-04,COALINDIA,EQ,135.7,134.1,136.45,131.35,132.95,132.45,133.89,9952601,133257880965000.02,53289.0,2317712,0.2329,137.405,132.892,135.77540396092473,42.68041237113401,134.3666
2020-09-07,COALINDIA,EQ,132.45,133.0,133.8,130.75,132.1,131.95,131.93,8781895,115862715665000.02,46911.0,1581231,0.1801,136.61999999999998,132.834,135.0798759680293,40.248962655601645,133.24663
2020-09-08,COALINDIA,EQ,131.95,132.1,132.65,129.35,129.65,129.95,131.08,7292473,95588775115000.0,44951.0,2455208,0.3367,135.57,132.77599999999998,134.14717124656943,39.51120162932791,131.97081
2020-09-09,COALINDIA,EQ,129.95,128.95,129.0,124.75,127.75,126.95,126.33,13115865,165686998150000.0,94314.0,4914734,0.3747,134.07,132.638,132.83859465628407,26.086956521739154,130.31987
2020-09-10,COALINDIA,EQ,126.95,128.0,128.3,125.5,126.45,126.65,126.68,12007586,152117165160000.0,71187.0,4472444,0.3725,132.68,132.499,131.71339562786878,22.601279317697262,127.91586
2020-09-11,COALINDIA,EQ,126.65,126.9,127.0,124.65,125.15,125.1,125.34,12588469,157789314670000.0,76645.0,5130939,0.4075999999999999,131.285,132.296,130.51096005916534,20.24291497975706,126.165886
2020-09-14,COALINDIA,EQ,125.1,126.0,126.85,124.1,124.85,124.95,125.78,12397189,155930159385000.0,63059.0,4401665,0.3550999999999999,130.345,132.078,129.49987641204436,17.975206611570314,124.654526
2020-09-15,COALINDIA,EQ,124.95,125.65,125.75,123.8,124.15,124.1,124.36,11541715,143535258060000.0,51823.0,4713770,0.4084,129.41,131.903,128.51808070076356,12.101910828025552,123.76599
2020-09-16,COALINDIA,EQ,124.1,124.6,124.6,123.1,124.1,123.85,123.72,8008458,99083127780000.0,44715.0,2742781,0.3425,128.16500000000002,131.72299999999998,127.66933875517017,12.723214285714349,123.05444
2020-09-17,COALINDIA,EQ,123.85,123.85,125.9,123.55,124.5,124.3,124.72,13049747,162754848180000.0,62148.0,3640086,0.2789,127.025,131.601,127.0567317087756,15.456674473067977,122.57616
2020-09-18,COALINDIA,EQ,124.3,125.25,125.25,122.9,123.35,123.65,123.82,14614109,180950905375000.0,60624.0,8070079,0.5522,126.14499999999998,131.45,126.43732594354367,19.07514450867062,122.5661
2020-09-21,COALINDIA,EQ,123.65,123.65,124.15,121.1,121.2,121.65,122.68,9573634,117452445615000.02,61004.0,3121570,0.3261,125.11500000000001,131.27300000000002,125.56690304471755,17.934782608695755,122.405266
2020-09-22,COALINDIA,EQ,121.65,122.0,122.0,118.85,120.05,119.55,119.88,10043181,120399540925000.0,59546.0,3323463,0.3309,124.075,131.099,124.4729206729507,2.5495750708215326,121.37347
2020-09-23,COALINDIA,EQ,119.55,119.75,122.5,118.95,122.4,121.05,120.1,9281260,111465802805000.0,46608.0,2525566,0.2721,123.48499999999999,130.96,123.85057145968693,10.51212938005392,119.587036
2020-09-24,COALINDIA,EQ,121.05,121.05,121.1,115.2,116.3,115.7,117.33,15979042,187481318645000.0,88489.0,6448929,0.4036,122.38999999999999,130.75099999999998,122.3686493761075,9.443099273607771,118.99075
2020-09-25,COALINDIA,EQ,115.7,116.0,117.6,113.9,117.4,117.1,116.03,15988811,185515561080000.0,78735.0,4155580,0.2598999999999999,121.59,130.481,121.41071312590611,15.54524361948954,116.6275
2020-09-28,COALINDIA,EQ,117.1,117.9,121.3,117.9,120.0,120.0,120.16,9443818,113475678659999.98,39981.0,2576117,0.2728,121.095,130.221,121.15421983028682,27.83964365256125,115.32097
2020-09-29,COALINDIA,EQ,120.0,121.15,121.55,117.15,117.35,117.65,118.71,12065797,143237731420000.0,52011.0,3621897,0.3002,120.45,129.91199999999998,120.51708895205284,28.66972477064222,116.18105
2020-09-30,COALINDIA,EQ,117.65,117.0,117.1,114.65,115.95,116.0,115.68,14036727,162372450400000.0,66716.0,3547859,0.2528,119.66499999999999,129.55,119.6958000516796,26.99784017278617,116.26401
2020-10-01,COALINDIA,EQ,116.0,117.1,119.7,116.35,117.0,117.25,117.73,9963716,117304276940000.02,48247.0,1775468,0.1782,118.96,129.226,119.25110913319239,32.82275711159738,115.332726
2020-10-05,COALINDIA,EQ,117.25,117.95,119.5,117.55,118.4,118.4,118.45,8141488,96437548200000.0,41291.0,2714006,0.3334,118.43500000000002,128.96200000000002,119.0963620180665,36.26834381551363,115.06324
2020-10-06,COALINDIA,EQ,118.4,119.35,119.35,116.3,117.0,116.8,117.18,11221877,131500409280000.0,44469.0,4614133,0.4112,117.95,128.699,118.6788416511453,35.16260162601627,115.61887
2020-10-07,COALINDIA,EQ,116.8,117.1,117.2,114.25,114.45,114.45,115.11,11941001,137447285265000.02,66360.0,5220824,0.4372,117.44000000000001,128.379,117.90996135093707,32.39700374531837,115.46187
2020-10-08,COALINDIA,EQ,114.45,114.7,115.0,112.65,113.45,113.3,113.6,11663413,132500654030000.0,64821.0,3191676,0.2736,116.665,128.02100000000002,117.0717865598576,29.927007299270073,114.11015
2020-10-09,COALINDIA,EQ,113.3,113.35,115.9,112.3,115.2,114.9,114.09,15958362,182074977000000.0,67706.0,3361186,0.2105999999999999,116.58500000000001,127.74700000000001,116.67691627624713,34.56790123456791,112.468
2020-10-12,COALINDIA,EQ,114.9,115.3,115.5,112.8,113.25,113.2,113.61,7949877,90321009550000.0,38434.0,2612802,0.3287,116.19499999999998,127.426,116.04474968056581,34.93761140819966,112.13511
2020-10-13,COALINDIA,EQ,113.2,113.3,114.65,112.35,114.15,113.85,113.64,9702596,110262389675000.0,46528.0,3120451,0.3216,115.58,127.135,115.6457042840993,39.285714285714285,111.57415
2020-10-14,COALINDIA,EQ,113.85,113.2,113.95,109.6,110.65,110.55,110.5,19663423,217285268385000.0,85097.0,7485272,0.3807,114.87,126.771,114.71921259608123,31.514084507042256,111.44573
2020-10-15,COALINDIA,EQ,110.55,110.85,112.7,109.55,110.6,110.6,111.37,15481821,172416026585000.0,57781.0,3401170,0.2197,114.33,126.414,113.97026485133918,38.961038961038945,110.05488
2020-10-16,COALINDIA,EQ,110.6,111.3,112.75,109.6,112.5,111.35,110.56,12231070,135220685595000.0,45438.0,4357257,0.3561999999999999,113.74000000000001,126.064,113.4938530601866,37.19376391982183,108.87957
2020-10-19,COALINDIA,EQ,111.35,112.5,115.35,111.25,115.35,114.7,113.26,18111350,205130805335000.0,66096.0,5432373,0.2999,113.37,125.76299999999999,113.71315250378903,38.42794759825329,108.603966
2020-10-20,COALINDIA,EQ,114.7,115.1,116.15,113.1,113.65,113.65,114.23,16554188,189093212065000.0,61225.0,2529702,0.1528,113.05499999999999,125.45099999999998,113.70167023037283,40.74074074074075,110.18265
2020-10-21,COALINDIA,EQ,113.65,113.65,116.9,113.55,115.4,115.1,115.63,20421826,236144066185000.0,65665.0,5921022,0.2899,113.12,125.15100000000001,113.95591200666867,47.89719626168223,111.18568
2020-10-22,COALINDIA,EQ,115.1,115.0,116.7,114.1,116.35,115.8,115.24,13653952,157349271330000.0,49600.0,5463167,0.4001,113.37,124.89300000000001,114.2912007327289,46.52278177458033,112.22347
2020-10-23,COALINDIA,EQ,115.8,116.8,118.2,116.2,117.7,117.7,117.48,11876045,139515115325000.0,43967.0,3013225,0.2537,113.65,124.66799999999999,114.91098241768728,48.379629629629626,113.16832
2020-10-26,COALINDIA,EQ,117.7,117.9,117.9,114.2,114.35,114.55,115.29,11243328,129620346100000.0,45309.0,2275864,0.2024,113.785,124.322,114.84534925083504,45.14038876889849,114.5285
2020-10-27,COALINDIA,EQ,114.55,114.2,115.15,112.85,113.65,113.95,114.04,10985481,125277287650000.0,41886.0,2607141,0.2373,113.795,123.881,114.68255847795594,48.831775700934585,114.049255
2020-10-28,COALINDIA,EQ,113.95,113.95,114.0,112.4,112.4,112.7,113.13,9366429,105961466440000.0,48406.0,2922569,0.312,114.00999999999999,123.40199999999999,114.32209330014575,48.60465116279072,112.9479
2020-10-29,COALINDIA,EQ,112.7,112.0,112.45,110.55,111.0,110.85,111.18,11415157,126913689305000.0,51228.0,3418660,0.2995,114.03500000000001,122.917,113.69080360921015,40.68965517241377,111.58754
2020-10-30,COALINDIA,EQ,110.85,111.6,115.2,111.05,114.65,114.2,113.74,17774954,202176846105000.0,66576.0,2601039,0.1463,114.32000000000001,122.431,113.78338477117194,52.136752136752136,109.8927
2020-11-02,COALINDIA,EQ,114.2,114.6,116.3,113.55,115.6,115.7,115.2,12785804,147292271210000.0,54758.0,3103170,0.2427,114.41999999999999,121.955,114.13186026732248,53.81443298969074,110.276825
2020-11-03,COALINDIA,EQ,115.7,115.6,117.25,115.6,116.55,116.5,116.58,12319486,143621383450000.0,53625.0,3400394,0.276,114.705,121.48899999999999,114.5624311278093,63.678160919540225,111.7943
2020-11-04,COALINDIA,EQ,116.5,116.5,116.5,113.7,115.0,114.8,114.96,7382741,84868534315000.0,31539.0,1382316,0.1872,114.675,120.976,114.6056254682076,58.97435897435897,113.3512
2020-11-05,COALINDIA,EQ,114.8,116.35,120.6,115.25,120.3,119.85,118.04,14904921,175939102595000.0,74146.0,5372617,0.3605,115.08,120.53400000000002,115.55914811035166,65.34296028880865,113.52358
2020-11-06,COALINDIA,EQ,119.85,120.25,122.4,118.3,121.35,121.8,120.39,18908916,227649113550000.0,64488.0,4333714,0.2292,115.48999999999998,120.15899999999999,116.69384845392408,63.498098859315576,115.458885
2020-11-09,COALINDIA,EQ,121.8,122.9,122.9,120.65,121.85,121.75,121.54,14950332,181704139915000.0,49874.0,5363657,0.3588,116.21,119.81299999999999,117.61314873502879,66.00790513833991,117.993195
2020-11-10,COALINDIA,EQ,121.75,122.25,125.4,121.0,124.9,124.8,123.67,15808417,195507992565000.0,66171.0,5276489,0.3338,117.29499999999999,119.62199999999999,118.91984896502355,68.02973977695166,119.59041
2020-11-11,COALINDIA,EQ,124.8,126.0,126.2,123.55,126.05,125.85,125.18,16757799,209766141430000.0,61312.0,5274776,0.3148,118.61000000000001,119.47,120.17987642592834,68.44036697247705,121.59563
2020-11-12,COALINDIA,EQ,125.85,126.05,126.5,121.0,122.5,122.1,122.5,35738360,437798269290000.0,117916.0,12149334,0.34,119.73499999999999,119.18599999999998,120.52898980303227,57.560137457044654,123.35962
2020-11-13,COALINDIA,EQ,122.1,122.5,126.35,121.2,125.85,125.9,124.26,23377931,290489098295000.0,81125.0,4380256,0.1873999999999999,120.905,118.99,121.50553711157185,69.07563025210084,122.63858
2020-11-14,COALINDIA,EQ,125.9,127.35,127.5,126.55,127.1,127.1,127.14,3308333,42060887490000.0,24471.0,1723984,0.5211,122.045,118.883,122.52271218219515,71.66392092257,123.17853
2020-11-17,COALINDIA,EQ,127.1,128.3,129.3,127.2,128.7,128.7,128.37,20369194,261469428525000.0,77883.0,7839291,0.3849,123.26500000000001,118.818,123.64585542179603,76.05863192182407,124.42033
2020-11-18,COALINDIA,EQ,128.7,128.75,128.85,125.85,128.4,128.25,127.54,18943803,241614957700000.0,60914.0,7046700,0.372,124.60999999999999,118.78399999999999,124.4829726178331,79.69283276450514,126.03157
2020-11-19,COALINDIA,EQ,128.25,121.75,124.3,120.85,122.15,122.05,122.71,29186699,358138091770000.0,108597.0,7113448,0.2437,124.83,118.68599999999998,124.04061396004525,62.208398133748055,126.87552
2020-11-20,COALINDIA,EQ,122.05,123.3,123.5,120.15,121.25,121.45,121.26,17573909,213106049585000.0,72964.0,5452278,0.3102,124.795,118.582,123.56959324003701,59.20000000000001,124.400925
2020-11-23,COALINDIA,EQ,121.45,121.25,123.45,119.75,122.75,122.75,121.64,17269543,210066078640000.0,85052.0,5807629,0.3363,124.89500000000001,118.53499999999998,123.42057628730299,59.84251968503938,121.74283
2020-11-24,COALINDIA,EQ,122.75,123.75,124.6,122.8,123.15,123.25,123.69,18199200,225106715755000.03,64389.0,5508591,0.3027,124.74000000000001,118.50099999999999,123.38956241688426,63.82978723404258,120.74812
2020-11-25,COALINDIA,EQ,123.25,123.95,126.75,123.25,123.85,123.95,124.76,22813211,284608507625000.0,83460.0,6388106,0.28,124.55,118.498,123.49146015926894,57.82442748091606,120.86507
2020-11-26,COALINDIA,EQ,123.95,124.6,125.35,123.35,125.2,125.05,124.43,13694237,170402241250000.0,54634.0,4303169,0.3142,124.845,118.52199999999999,123.77483103940185,56.41025641025642,121.55331
2020-11-27,COALINDIA,EQ,125.05,125.45,127.4,125.0,125.2,125.55,125.91,25297333,318526288970000.0,90024.0,12872944,0.5089,124.80999999999999,118.54699999999998,124.09758903223786,57.36434108527132,122.613716
2020-12-01,COALINDIA,EQ,125.55,126.0,127.0,124.7,126.3,126.4,126.27,8927107,112724750705000.0,39160.0,2740366,0.307,124.74000000000001,118.602,124.51620920819461,53.389830508474596,123.56859
2020-12-02,COALINDIA,EQ,126.4,127.0,131.15,126.4,130.8,129.75,128.32,21081119,270508886420000.0,76409.0,7372393,0.3497,124.845,118.764,125.4678075339774,57.52895752895754,124.47181
2020-12-03,COALINDIA,EQ,129.75,131.35,134.0,129.25,133.5,133.45,131.63,25834042,340059215000000.0,102682.0,8046574,0.3115,125.36500000000001,119.042,126.91911525507241,71.95357833655709,126.47164
2020-12-04,COALINDIA,EQ,133.45,134.2,134.95,131.1,133.2,133.3,133.16,19371235,257939523715000.0,74522.0,4395212,0.2269,126.49000000000001,119.287,128.07927611778652,66.66666666666673,129.59384
2020-12-07,COALINDIA,EQ,133.3,133.3,137.2,133.0,136.7,136.8,135.76,14127211,191797866055000.0,72793.0,4981057,0.3525999999999999,128.025,119.70900000000002,129.66486227818896,69.79591836734701,131.64064
2020-12-08,COALINDIA,EQ,136.8,137.45,137.7,133.0,134.3,134.25,134.53,21479953,288959602260000.0,94775.0,7858985,0.3659,129.175,120.052,130.4985236821546,60.903732809430295,134.06291
2020-12-09,COALINDIA,EQ,134.25,135.4,137.5,134.4,135.0,134.7,136.0,18755465,255066876515000.0,98957.0,5716396,0.3048,130.32,120.346,131.2624284672174,62.671905697445965,134.44623
2020-12-10,COALINDIA,EQ,134.7,135.2,135.45,132.8,134.8,134.85,134.46,11912807,160179801995000.0,49080.0,3630502,0.3048,131.41,120.69,131.9147142004506,82.98969072164954,134.27052
2020-12-11,COALINDIA,EQ,134.85,134.7,140.7,134.5,138.3,138.25,138.59,30559578,423512182440000.0,120850.0,8079873,0.2644,132.73,121.135,133.0665843458232,87.83783783783788,134.09238
2020-12-14,COALINDIA,EQ,138.25,139.65,144.2,139.1,143.75,143.35,142.81,35605748,508478819285000.06,166024.0,9100047,0.2556,134.51,121.65700000000001,134.93629628294624,89.61538461538464,135.49802
2020-12-15,COALINDIA,EQ,143.35,143.65,144.35,140.8,142.9,143.1,143.04,18775793,268562530530000.03,82580.0,3792947,0.2019999999999999,136.18,122.15099999999998,136.4206060496833,88.54368932038838,139.04097
2020-12-16,COALINDIA,EQ,143.1,144.35,146.0,143.5,145.3,145.5,145.03,16119571,233779782695000.0,61093.0,5570068,0.3455,137.755,122.72499999999998,138.07140494974087,89.25318761384338,141.56755
2020-12-17,COALINDIA,EQ,145.5,145.25,145.25,142.5,142.9,143.45,143.82,12374964,177971329520000.0,54246.0,3485973,0.2817,138.755,123.305,139.04933132251526,82.39436619718309,143.79956
2020-12-18,COALINDIA,EQ,143.45,143.45,143.65,139.45,141.85,141.7,141.35,13628707,192636610885000.0,52390.0,4043741,0.2967,139.59499999999997,123.87299999999999,139.5312710820579,77.2344013490725,144.10706
2020-12-21,COALINDIA,EQ,141.7,141.4,141.5,129.35,131.95,132.95,136.34,20132655,274485362490000.0,81246.0,5546177,0.2755,139.20999999999998,124.234,138.33467633986555,58.72170439414113,142.95984
2020-12-22,COALINDIA,EQ,132.95,132.5,136.1,129.8,135.45,135.5,133.55,17257059,230465853225000.0,94562.0,3857817,0.2236,139.33499999999998,124.68,137.81928064170816,57.823129251700685,138.0117
2020-12-23,COALINDIA,EQ,135.5,135.5,136.7,134.1,135.45,135.05,135.42,10091831,136658671465000.02,56757.0,2697496,0.2673,139.36999999999998,125.104,137.31577507048848,52.38805970149257,135.19989
2020-12-24,COALINDIA,EQ,135.05,136.35,139.1,135.6,136.3,136.25,137.12,14518171,199069618180000.0,66150.0,3132841,0.2158,139.51,125.618,137.1219977849451,54.26917510853833,134.01247
2020-12-28,COALINDIA,EQ,136.25,139.9,139.9,137.2,137.6,137.65,138.18,15223089,210353277740000.0,70762.0,3181524,0.209,139.45,126.15899999999999,137.21799818768235,51.30970724191063,134.29456
2020-12-29,COALINDIA,EQ,137.65,138.9,139.6,134.6,135.35,135.1,136.43,21146540,288508951130000.0,111869.0,6168011,0.2917,138.625,126.634,136.83290760810374,51.30970724191063,135.509
2020-12-30,COALINDIA,EQ,135.1,136.75,136.75,134.2,135.65,135.6,135.41,14180071,192005345460000.0,62490.0,3473147,0.2448999999999999,137.875,127.05199999999999,136.6087425884485,51.384615384615394,135.34918
2020-12-31,COALINDIA,EQ,135.6,135.6,136.7,134.75,135.35,135.45,135.56,15237166,206552814865000.0,56681.0,5979916,0.3925,136.86999999999998,127.48800000000001,136.3980621178215,50.92307692307692,135.0923
2021-01-01,COALINDIA,EQ,135.45,135.4,136.25,135.05,135.5,135.35,135.51,6995084,94793820455000.0,42330.0,2455945,0.3511,136.06,127.89299999999999,136.20750536912666,45.03424657534246,134.86707
2021-01-04,COALINDIA,EQ,135.35,136.85,137.75,135.8,137.35,137.25,136.85,11669647,159699100855000.0,49612.0,2919755,0.2502,135.615,128.322,136.39704984746726,38.269230769230795,134.69008
2021-01-05,COALINDIA,EQ,137.25,136.75,136.75,134.4,135.15,135.15,135.12,12371842,167164222890000.0,64308.0,4153942,0.3358,135.83499999999998,128.671,136.1703135115641,35.727109515260366,135.4392
2021-01-06,COALINDIA,EQ,135.15,135.4,137.3,133.8,135.0,135.1,135.57,14133415,191606221310000.0,60724.0,5004757,0.3540999999999999,135.79500000000002,129.082,135.97571105491608,29.607843137254918,135.19633
2021-01-07,COALINDIA,EQ,135.1,136.5,137.5,135.5,136.5,136.5,136.29,17298525,235758224430000.03,83089.0,7517934,0.4346,135.94,129.533,136.0710363176586,36.016096579476894,134.7376
2021-01-08,COALINDIA,EQ,136.5,137.1,140.95,137.1,139.7,139.7,139.74,27964099,390772974985000.0,163024.0,11318989,0.4048,136.28500000000003,130.07299999999998,136.7308478962661,46.1977186311787,135.04555
2021-01-11,COALINDIA,EQ,139.7,140.5,143.0,140.3,141.8,141.7,141.8,24790683,351531710210000.0,111880.0,8640707,0.3485,136.69,130.69,137.63433009694498,72.37851662404091,136.86635
2021-01-12,COALINDIA,EQ,141.7,142.5,147.55,141.7,146.8,146.65,145.41,28433070,413444393655000.0,158349.0,8840489,0.3109,137.845,131.339,139.27354280659134,75.39863325740319,139.23206
2021-01-13,COALINDIA,EQ,146.65,148.5,148.8,143.5,145.55,145.8,146.75,21154236,310446324900000.0,93307.0,4384357,0.2073,138.86499999999998,131.941,140.4601713872111,74.04921700223711,142.95233
2021-01-14,COALINDIA,EQ,145.8,146.6,148.2,144.85,147.1,146.65,146.84,14755992,216671185155000.03,91577.0,4875794,0.3303999999999999,139.98499999999999,132.54399999999998,141.58559477135452,73.63636363636363,145.09291
2021-01-15,COALINDIA,EQ,146.65,146.8,147.6,142.35,143.55,143.25,144.83,10647008,154196937845000.0,56384.0,2481276,0.233,140.775,133.113,141.8882139038355,61.66666666666664,146.24553
2021-01-18,COALINDIA,EQ,143.25,143.3,143.9,136.6,138.05,138.7,138.99,17085592,237476889410000.0,86603.0,5097197,0.2983,140.92000000000002,133.48999999999998,141.30853864859267,56.9230769230769,145.12694
2021-01-19,COALINDIA,EQ,138.7,140.85,141.9,139.6,140.5,140.1,140.66,8951075,125904139865000.02,48877.0,1883956,0.2105,141.41500000000002,133.856,141.08880434884856,58.36431226765798,141.8151
2021-01-20,COALINDIA,EQ,140.1,140.5,141.95,138.65,141.15,141.5,140.08,11820498,165578947630000.0,47055.0,3064046,0.2592,142.055,134.251,141.16356719451244,60.74600355239788,139.9159
2021-01-21,COALINDIA,EQ,141.5,142.0,142.15,136.55,137.8,137.35,139.37,10828875,150920060595000.0,63998.0,3271597,0.3021,142.14,134.502,140.4701913409647,53.105590062111794,139.85425
2021-01-22,COALINDIA,EQ,137.35,137.35,137.8,132.5,133.55,133.2,134.55,14810848,199285234760000.0,80902.0,4242455,0.2864,141.48999999999998,134.649,139.1483383698802,44.121915820029024,138.47495
2021-01-25,COALINDIA,EQ,133.2,134.9,135.5,130.85,131.5,131.85,132.7,10157077,134783203584999.98,66798.0,2505526,0.2467,140.50500000000002,134.844,137.8213677571747,45.10385756676557,135.45923
2021-01-27,COALINDIA,EQ,131.85,132.0,132.55,128.7,129.25,129.15,130.36,11638766,151721935265000.0,63223.0,3591595,0.3086,138.755,134.909,136.24475543768838,41.81568088033014,132.67825
2021-01-28,COALINDIA,EQ,129.15,128.0,129.95,127.8,128.45,128.2,128.77,11970139,154142130545000.0,70998.0,3176366,0.2653999999999999,136.995,134.931,134.78207263083593,38.440111420612816,129.95145
2021-01-29,COALINDIA,EQ,128.2,129.25,129.65,125.25,126.0,125.9,127.82,15268785,195166089785000.0,62235.0,6229977,0.408,134.92,134.875,133.1671503343203,30.28571428571432,127.95375
2021-02-01,COALINDIA,EQ,125.9,126.4,129.75,125.85,129.3,129.0,127.82,12808349,163721354375000.0,55486.0,2802614,0.2188,133.49499999999998,134.89,132.40948663717114,32.40997229916901,125.98618
2021-02-02,COALINDIA,EQ,129.0,131.0,132.85,129.65,131.9,131.25,131.3,15485139,203325174125000.0,88444.0,3910995,0.2526,132.75,135.07399999999998,132.1986708849582,26.946107784431135,126.22204
2021-02-03,COALINDIA,EQ,131.25,131.25,138.0,131.25,137.0,137.25,135.34,25483402,344890251890000.0,95262.0,9194662,0.3608,132.465,135.39,133.11709436042034,38.910505836575865,128.00717
2021-02-04,COALINDIA,EQ,137.25,137.9,144.25,136.8,143.3,143.6,141.94,30751754,436494390635000.06,137727.0,8936682,0.2905999999999999,132.675,135.80700000000002,135.02307720398028,46.53802497162314,132.14392
2021-02-05,COALINDIA,EQ,143.6,144.1,144.3,139.35,140.8,140.85,141.42,19930467,281847713720000.0,81218.0,8186460,0.4108,133.025,136.15900000000002,136.0825177123475,47.23502304147465,138.04285
2021-02-08,COALINDIA,EQ,140.85,141.05,142.4,140.3,141.3,141.55,141.49,11810439,167102158155000.0,50738.0,4509098,0.3818,133.85999999999999,136.511,137.0766054010116,53.60303413400761,140.68445
2021-02-09,COALINDIA,EQ,141.55,141.5,143.45,138.7,139.4,139.25,141.42,8579689,121338041425000.0,49493.0,1915862,0.2233,134.6,136.795,137.4717680553731,48.94932014833128,141.577
2021-02-10,COALINDIA,EQ,139.25,139.9,140.55,136.8,138.7,138.3,137.98,8709612,120179550175000.0,53694.0,2016305,0.2314999999999999,135.51500000000001,137.05,137.6223556816689,46.000000000000014,140.59402
2021-02-11,COALINDIA,EQ,138.3,138.3,139.5,136.0,136.85,137.15,137.92,14150298,195163104035000.0,70430.0,2578123,0.1822,136.41,137.265,137.53647283045638,49.72972972972975,139.05688
2021-02-12,COALINDIA,EQ,137.15,136.5,137.0,132.75,133.95,133.85,134.15,16453706,220722210330000.03,87293.0,4247377,0.2581,137.20499999999998,137.34699999999998,136.86620504310065,50.89903181189489,137.49509
2021-02-15,COALINDIA,EQ,133.85,134.5,134.85,132.0,132.25,132.25,132.81,10557047,140207809040000.02,61774.0,3710247,0.3514,137.53000000000003,137.32299999999998,136.02689503526415,50.54945054945056,135.11157
2021-02-16,COALINDIA,EQ,132.25,132.3,135.4,132.3,134.0,133.75,134.08,11735144,157339160830000.0,53471.0,2268901,0.1933,137.78000000000003,137.332,135.61291411976157,56.53409090909091,132.78918
2021-02-17,COALINDIA,EQ,133.75,133.3,135.75,132.9,135.4,135.2,134.69,8950258,120550204005000.0,41784.0,2050915,0.2291,137.575,137.29999999999998,135.53783882525946,59.80392156862746,132.14693
2021-02-18,COALINDIA,EQ,135.2,135.0,141.2,134.05,140.0,139.95,138.49,22069738,305635593125000.0,84255.0,6184695,0.2802,137.20999999999998,137.41400000000002,136.34004994793955,68.41415465268673,132.91362
2021-02-19,COALINDIA,EQ,139.95,139.95,143.2,137.25,139.0,139.25,140.25,22944780,321805208940000.0,97455.0,5431928,0.2367,137.05,137.505,136.8691317755869,64.33566433566433,135.87721
2021-02-22,COALINDIA,EQ,139.25,138.85,139.4,135.1,136.05,136.25,136.55,20401387,278582997145000.0,74554.0,6305270,0.3091,136.51999999999998,137.53300000000002,136.75656236184383,56.84931506849315,137.90637
2021-02-23,COALINDIA,EQ,136.25,137.6,138.6,136.2,136.9,136.9,137.33,19178437,263372198920000.0,67826.0,5598787,0.2919,136.285,137.506,136.78264193241768,49.43820224719102,137.46294
2021-02-24,COALINDIA,EQ,136.9,139.95,145.0,139.5,144.1,144.4,142.93,38775957,554224183160000.06,158413.0,10622039,0.2739,136.89499999999998,137.527,138.16761612652354,51.23839009287927,136.8089
2021-02-25,COALINDIA,EQ,144.4,146.9,157.7,145.75,156.9,156.1,152.65,85580477,1306412913650000.0,310743.0,16751013,0.1957,138.79000000000002,137.787,141.4280495580647,68.48484848484848,139.73036
2021-02-26,COALINDIA,EQ,156.1,156.15,163.0,150.5,151.8,152.2,155.14,94115857,1460158840190000.0,351215.0,14256510,0.1515,140.625,137.921,143.38658600205292,61.97975253093361,147.66533
2021-03-01,COALINDIA,EQ,152.2,155.5,157.1,153.7,154.65,154.35,154.95,22306110,345641205710000.0,113465.0,4499241,0.2017,142.83499999999998,138.139,145.37993400167966,67.04288939051918,151.81244
2021-03-02,COALINDIA,EQ,154.35,154.35,156.15,152.5,153.65,153.4,154.13,17565134,270729969500000.0,99881.0,4837518,0.2754,144.8,138.373,146.8381278195561,67.04288939051918,154.06313
2021-03-03,COALINDIA,EQ,153.4,155.0,157.3,153.8,154.9,154.9,155.31,17610904,273522014800000.0,96850.0,4578189,0.26,146.77,138.812,148.30392276145497,69.8768197088466,154.44713
2021-03-04,COALINDIA,EQ,154.9,154.0,154.9,151.7,152.2,152.05,152.65,17162557,261994146970000.0,86898.0,6576703,0.3832,147.98000000000002,139.143,148.9850277139177,70.58823529411768,154.81161
2021-03-05,COALINDIA,EQ,152.05,152.0,152.7,149.7,151.7,151.1,151.23,17323282,261980069510000.0,72443.0,6180682,0.3568,149.16500000000002,139.464,149.36956812956902,71.64179104477611,153.73277
2021-03-08,COALINDIA,EQ,151.1,153.9,156.0,152.35,153.4,153.15,154.06,18727656,288513424310000.0,92912.0,4346287,0.2321,150.85500000000002,139.802,150.05691937873829,71.99546485260771,152.27977
2021-03-09,COALINDIA,EQ,153.15,154.95,154.95,148.5,151.9,151.7,151.59,14621175,221637050505000.03,70349.0,3606833,0.2467,152.33499999999998,140.083,150.35566130987678,68.70748299319727,152.2765
2021-03-10,COALINDIA,EQ,151.7,153.05,153.25,149.4,151.35,150.95,150.55,10788943,162424387725000.0,56698.0,3431221,0.318,152.98999999999998,140.4,150.46372288989917,63.71571072319201,152.03728
2021-03-12,COALINDIA,EQ,150.95,152.0,153.0,149.0,150.85,150.5,151.22,14835735,224340124295000.0,72067.0,5475956,0.3691,152.43,140.698,150.47031872809933,64.11543287327478,151.49954
2021-03-15,COALINDIA,EQ,150.5,146.45,147.6,144.75,146.8,146.9,146.06,15784630,230548873935000.0,84694.0,6342670,0.4018,151.9,140.927,149.8211698684449,63.16440049443758,150.928
2021-03-16,COALINDIA,EQ,146.9,147.0,148.05,144.6,145.85,145.7,145.77,11857531,172852400865000.0,53494.0,5170520,0.4361,151.035,141.134,149.07186625600036,60.73170731707314,148.99396
2021-03-17,COALINDIA,EQ,145.7,145.05,145.45,139.5,139.75,139.85,141.98,15554810,220846866320000.0,84437.0,4946810,0.318,149.68,141.186,147.39516330036392,44.21855146124523,146.97095
2021-03-18,COALINDIA,EQ,139.85,141.5,141.75,136.2,137.5,137.05,138.29,14401450,199150480280000.0,74671.0,5140648,0.357,147.895,141.224,145.51422451847958,18.719211822660142,143.18925
2021-03-19,COALINDIA,EQ,137.05,136.0,140.0,133.5,136.4,136.3,136.98,33294812,456066294140000.0,102195.0,19445531,0.584,146.32,141.24800000000002,143.8389109696651,20.879120879120933,139.2618
2021-03-22,COALINDIA,EQ,136.3,137.6,137.6,135.3,135.6,135.65,136.01,11414253,155250547700000.0,51844.0,4063737,0.356,144.775,141.231,142.35001806608963,13.75968992248066,136.63042
2021-03-23,COALINDIA,EQ,135.65,135.6,136.65,134.1,135.1,135.25,135.65,8887103,120553491334999.98,46310.0,3259114,0.3667,142.98499999999999,141.142,141.05910569043695,14.05940594059409,135.18459
2021-03-24,COALINDIA,EQ,135.25,133.9,135.15,132.05,132.6,132.3,133.23,10865477,144763600145000.0,64700.0,3853406,0.3546,141.04500000000002,140.954,139.4665410194484,7.677902621722879,134.49983
2021-03-25,COALINDIA,EQ,132.3,132.0,133.1,127.05,127.8,128.1,129.27,18629600,240824411215000.0,100653.0,8170107,0.4386,138.76,140.583,137.3998971977305,7.308377896613223,133.00882
2021-03-26,COALINDIA,EQ,128.1,129.1,130.4,128.7,129.45,129.6,129.55,9505615,123148821545000.0,54574.0,2769403,0.2913,136.67000000000002,140.259,135.9817340708704,12.412587412587442,130.04985
2021-03-30,COALINDIA,EQ,129.6,131.0,134.45,130.15,133.0,132.95,132.3,20584678,272335709935000.0,78312.0,9114511,0.4428,135.275,139.985,135.4305096943485,16.220735785953167,128.58212
2021-03-31,COALINDIA,EQ,132.95,133.0,133.0,130.0,130.1,130.35,131.03,14900610,195245130335000.0,66581.0,7616655,0.5112,133.74,139.727,134.5067806590124,15.619967793880832,129.65726
2021-04-01,COALINDIA,EQ,130.35,131.45,132.4,130.6,132.2,132.15,131.54,6226087,81897285525000.0,39462.0,1715150,0.2755,132.97,139.596,134.0782750846465,20.71651090342681,129.82997
2021-04-05,COALINDIA,EQ,132.15,131.9,132.1,128.05,129.9,129.8,129.58,9012457,116780536209999.98,48202.0,3158712,0.3505,132.245,139.39,133.30040688743804,19.558823529411782,130.44482
2021-04-06,COALINDIA,EQ,129.8,130.85,131.85,129.3,130.4,130.3,130.65,6689423,87400321905000.0,34956.0,1618553,0.242,131.645,139.166,132.75487836244932,23.1391585760518,129.9029
2021-04-07,COALINDIA,EQ,130.3,130.3,131.7,129.75,131.2,131.25,131.19,5657926,74225666420000.0,44084.0,2082876,0.3681,131.20499999999998,139.04399999999998,132.48126411473126,26.42740619902122,129.46254
2021-04-08,COALINDIA,EQ,131.25,131.3,133.75,131.2,131.7,131.65,132.77,9330363,123877779680000.0,53888.0,3057396,0.3277,130.845,139.013,132.33012518478012,33.73015873015875,129.66441
2021-04-09,COALINDIA,EQ,131.65,131.65,131.95,128.95,129.6,129.5,130.15,10149401,132092203365000.02,46614.0,4601111,0.4533,130.565,138.966,131.81555696936556,34.62321792260691,130.13159
2021-04-12,COALINDIA,EQ,129.5,128.0,128.3,123.6,125.25,124.7,125.1,11334755,141796985550000.0,73347.0,3988775,0.3519,130.22500000000002,138.87699999999998,130.52181933857182,29.720279720279706,129.51245
2021-04-13,COALINDIA,EQ,124.7,124.8,128.45,124.8,128.3,127.95,126.8,7809483,99026730545000.0,36344.0,1575691,0.2018,130.06,138.872,130.05421582246782,37.6602564102564,126.71008
2021-04-15,COALINDIA,EQ,127.95,127.95,130.8,126.95,128.4,128.25,128.48,8924391,114656689615000.02,50005.0,2548133,0.2855,129.58999999999997,138.919,129.72617658201912,38.7459807073955,125.899185
2021-04-16,COALINDIA,EQ,128.25,128.85,129.95,127.1,127.9,127.85,128.33,10358366,132924161325000.0,40945.0,4623401,0.4463,129.34,138.89600000000002,129.38505356710655,42.20665499124341,126.15879
2021-04-19,COALINDIA,EQ,127.85,125.6,126.0,123.4,124.5,124.6,124.36,7131534,88687925715000.0,52024.0,2544235,0.3568,128.58499999999998,138.763,128.5150438276326,43.65942028985507,126.41122
2021-04-20,COALINDIA,EQ,124.6,125.0,126.25,124.05,124.5,124.5,124.96,7738871,96701253305000.0,43814.0,2344674,0.303,128.055,138.508,127.78503585897214,40.26717557251909,125.11482
2021-04-22,COALINDIA,EQ,124.5,124.65,125.5,124.0,125.0,125.05,124.86,8514980,106313984755000.0,43681.0,3259719,0.3828,127.53,138.137,127.28775661188628,33.11965811965814,123.87593
2021-04-23,COALINDIA,EQ,125.05,124.95,127.25,124.25,126.3,126.15,126.2,8992991,113489509800000.0,43453.0,3034826,0.3375,127.02000000000001,137.843,127.0808917733615,40.41095890410962,123.43374
2021-04-26,COALINDIA,EQ,126.15,127.75,128.0,126.5,127.0,126.95,127.3,4967884,63241040500000.0,29393.0,1755583,0.3534,126.55,137.55100000000002,127.05709326911395,37.55980861244018,123.88749
2021-04-27,COALINDIA,EQ,126.95,127.0,127.9,126.6,127.55,127.5,127.47,3982954,50770231790000.0,28486.0,1521312,0.382,126.35,137.316,127.13762176563868,43.97905759162301,124.75779
2021-04-28,COALINDIA,EQ,127.5,128.0,129.45,127.5,128.5,128.5,128.67,6206074,79850489840000.0,32352.0,1981995,0.3194,126.72999999999999,137.12,127.38532689915891,45.40816326530609,125.62357
2021-04-29,COALINDIA,EQ,128.5,129.75,130.05,127.65,127.95,128.05,128.46,8345584,107204015035000.0,37445.0,3185650,0.3817,126.74000000000001,136.938,127.50617655385729,41.62303664921469,126.569725
2021-04-30,COALINDIA,EQ,128.05,127.4,134.6,127.0,133.0,133.05,132.61,27396950,363310678595000.0,103147.0,6859319,0.2504,127.22,136.922,128.51414445315595,52.953586497890306,126.943146
